Log Point,Engine Speed,MF_IA,MF_FUEL,Torque,BMEP,BSFC,IMEP,p_0,p_11,p_21,p_2_1,P_IM,p_31,p_41,p_4_1,T_0,T_11,T_21,T_2_1,T_IM,T_31,T_41,T_4_1,T_OIL,T_Water,Humidity rel,Turbine Speed,q_MI,phi_MI,Delivery Ratio,Rail Pressure,Duration_Main,FMEP,NOx_EO,SOC,MFB50,PFP,P_SOI,EGR_Rate,EGR_Temperature,ECU_VTG_Pos,ECU_EGR_Pos,ECU_Exh_Flap_Pos
1,2150.0,1279.841,57.8741859,1234.79,1202.70777,208.1623243,1317.673,1.013657,0.99547974,2.23649,2.192692,2.166907,2.7572435,1.5666109,1.1741678,25.72267,25.59966,125.4424,30.6889,54.76374,563.2525,457.5438,417.9385,113.3204,88.789,54.6,79487.33,149.5457,-12.34871872,0.873412529,2499.13,1199.027,1.282892,425.2529,-6.60829,13.89589,126.6125,85.1267,23.52221971,125.2217,49.28408,46.09363,50.9
2,2150.0,1167.084,51.8602833,1091.981,1063.609224,210.9260114,1224.555,1.013567,0.99850772,2.101104,2.061756,2.037575,2.622821,1.5507852,1.1596907,25.54151,25.73628,116.8013,29.12236,55.9003,544.9484,444.8187,408.8698,113.0525,89.2449,54.0,75442.47,134.0059,-12.08040258,0.870901514,2499.64,1077.556,1.416936,367.3962,-6.997116,13.1014,122.6422,80.84335,25.36181183,126.0563,46.26289,48.0044,48.30629
3,2150.0,1070.782,46.6658145,970.028,944.8247985,213.6608329,1111.489,1.013542,1.00098024,1.974902,1.939095,1.916461,2.4762385,1.5184931,1.1471957,25.07978,25.26232,107.8178,27.75875,56.5599,523.3502,430.2137,404.8295,112.461,88.6623,56.0,71488.68,120.5835,-11.81390272,0.875459725,2498.81,982.1379,1.452626,316.354,-5.939667,13.10116,113.2217,78.26534,27.42680822,125.54,44.72546,51.34534,46.46584
4,2150.0,949.722,41.5951083,849.045,826.9851706,217.5814606,982.5328,1.013561,1.00373543,1.7963083,1.7649481,1.744349,2.2564965,1.4834315,1.1263008,25.23183,25.29782,95.7141,26.1948,56.71877,509.6293,424.5332,402.837,111.651,88.434,55.8,65759.81,107.4809,-11.38060339,0.872991192,2490.74,876.1345,1.348068,271.8331,-4.717167,13.20606,102.5782,74.48176,29.04650574,123.2081,45.38662,55.3242,44.29363
5,2150.0,841.488,36.4100436,727.9525,709.0388877,222.1408833,876.5755,1.013554,1.005952676,1.5830204,1.5546758,1.5369349,2.000295,1.4401411,1.1024776,25.08834,25.73773,81.02181,24.74746,54.40833,498.57805,424.67,382.4907,111.0416,88.3161,54.4,58466.01,94.0828,-10.79475404,0.867552399,2468.554,761.2187,1.378658,272.7503,-3.216992,12.66438,93.865,71.35233,28.7040732,116.999,50.72739,54.03439,42.5
6,2150.0,768.2768,31.2608538,606.978,591.2075389,228.7379488,741.1901,1.013536,1.0072749,1.4393838,1.4127826,1.3970039,1.83934975,1.3990472,1.08350345,25.02555,25.77608,70.01709,23.85465,52.40492,470.2931,407.4825,363.9012,110.2058,88.0057,54.0,52612.39,80.7774,-10.42860536,0.870320895,2455.51,639.6798,1.220794,273.5777,-1.85366,11.51918,88.81606,69.29795,29.0513258,111.4347,54.24013,51.97771,41.34395
7,2150.001,684.5612,26.37212727,485.0204,472.418633,241.4878543,638.1705,1.013568,1.008730088,1.2754088,1.2512551,1.2372938,1.69358985,1.3883558,1.06645575,25.20861,25.55967,56.94966,23.37509,50.35957,446.6013,394.8628,333.4339,109.3079,87.8328,56.0,44464.15,68.145,-9.78300798,0.868946023,2409.127,513.325,1.275136,269.5936,0.05561267,10.60226,83.23808,66.78535,28.95837195,105.4332,62.47834,46.29809,38.62548
8,2150.0,628.1783,21.8466144,364.0174,354.5595247,266.5461029,530.259,1.013583,1.009647907,1.1656842,1.1424488,1.1300264,1.64860465,1.4315941,1.05465137,25.1303,25.42901,47.69133,23.34968,48.90061,417.0451,374.3654,314.0702,108.5962,86.6346,55.7,34252.51,56.4512,-9.02603333,0.871129989,2337.599,392.5023,1.268503,264.0707,2.211004,9.872334,79.42919,64.74974,29.12144862,99.9976,72.32484,39.9828,34.59045
9,2150.0,577.0759,17.4292416,242.9689,236.6560986,318.5944014,402.5411,1.013566,1.010319772,1.1214475,1.100322,1.08840346,1.6553149,1.4771906,1.04686954,25.10185,25.42987,43.201,23.32077,50.28118,378.62175,345.126,285.3343,108.2589,86.0525,55.8,30490.39,45.0368,-8.349175368,0.851392313,2295.918,267.4178,1.210547,253.6721,4.066094,9.350106,77.9401,63.68207,30.53364436,97.8128,68.18038,39.02089,30.7
10,2149.999,574.5848,12.94688548,121.1605,118.0125161,474.5858537,286.563,1.013544,1.010309167,1.1729454,1.1528283,1.1403215,1.68122045,1.4381128,1.05123741,25.46492,25.54598,46.55554,23.33121,52.27304,316.49365,286.8149,245.2279,108.3044,85.9134,55.6,33360.98,33.4545,-8.155790653,0.841166443,2269.365,134.9289,1.26781,242.0906,5.085567,8.152603,78.50152,62.33992,32.76851369,96.6644,46.62516,43.11509,29.9283
11,2150.0,593.0135,9.061992,0.06080403,0.059224224,1000.0,118.1976,1.013515,1.009957801,1.236331,1.2164404,1.2032486,1.7901708,1.4033423,1.04860469,24.91495,25.62077,51.68489,23.31865,52.39794,260.80285,229.4606,170.7309,108.3742,85.7317,54.6,37705.68,23.416,-7.971905578,0.83990975,2210.592,16.38834,0.9334473,209.7306,4.43146,6.51561,80.27601,61.93208,34.11737794,94.4897,31.87261,43.32548,29.93949
12,2100.0,1277.215,58.7574918,1300.975,1267.173156,205.3637566,1422.001,1.013521,0.99518337,2.290113,2.24718,2.222787,2.772978,1.5384325,1.1772599,25.22782,25.39674,128.1734,30.88021,56.18134,566.47915,458.9217,409.3692,113.9072,89.966,55.6,80305.06,155.4431,-12.22099496,0.873427047,2475.899,1247.748,1.519899,436.1354,-7.278876,13.93162,131.8499,86.42162,23.49830041,129.47,48.87911,50.36835,51.9
13,2100.0,1203.042,53.6305644,1174.983,1144.454672,207.5440497,1296.69,1.013581,0.99743906,2.191956,2.152726,2.128794,2.707853,1.5353643,1.1694871,25.12818,25.24329,122.0023,29.81124,56.50769,546.3081,443.1225,395.2398,113.3975,89.1843,56.0,77535.23,141.8798,-12.11076934,0.876154674,2482.051,1135.697,1.383276,404.6051,-7.471513,13.00147,128.1477,82.48984,24.91934072,128.9994,45.51266,49.31203,49.6
14,2100.0,1081.531,48.297438,1043.955,1016.831032,210.3641924,1178.1,1.01356,1.0006046,2.035172,1.999926,1.978319,2.5249205,1.5108468,1.1527676,25.61471,25.48645,112.0051,28.14928,57.4391,533.6614,436.2482,395.8053,112.4969,88.3573,54.9,72840.02,127.771,-11.78625751,0.870902673,2480.633,1033.233,1.388862,339.4088,-6.534423,13.1654,117.5161,78.94511,26.72428699,128.1056,44.30127,53.27785,47.2057
15,2100.0,977.363,43.0130736,914.001,890.2534882,213.984989,1050.046,1.013539,1.00296477,1.881167,1.8496278,1.8297615,2.3661405,1.4868877,1.1366015,25.5722,25.43959,101.5314,26.73665,57.70771,512.145,422.9705,400.4898,111.375,88.0094,55.8,68176.47,113.7912,-11.49045086,0.875030636,2476.05,927.4751,1.376205,284.478,-5.533955,12.89999,108.4855,75.8144,28.68548941,126.4864,43.11258,54.61572,45.08176
16,2100.0,864.629,37.53162,783.0236,762.6791341,217.9475349,916.918,1.013575,1.00546446,1.663354,1.6343536,1.6166881,2.098151,1.4423308,1.1121504,25.36612,25.27286,86.3619,25.17162,55.62622,497.1433,419.1995,383.1526,110.4752,87.6603,56.4,61072.31,99.29,-10.91993386,0.876395973,2447.962,808.7843,1.29318,272.9608,-4.088736,12.59819,97.80186,71.7946,29.15616267,120.3777,47.01772,55.35886,43.05886
17,2100.0,764.2554,32.1616386,653.0095,636.0430516,223.9485064,768.835,1.013637,1.007409371,1.4607788,1.4353258,1.4199409,1.85680375,1.3957706,1.08657883,25.08989,25.5026,71.62073,23.9389,52.98375,477.9855,412.7061,367.1215,109.5353,87.1556,54.9,53276.5,85.0837,-10.41451633,0.872757524,2419.274,679.0157,1.084872,271.1522,-2.441031,11.74999,90.15652,69.10569,28.98192666,113.0944,53.33185,53.40764,41.42548
18,2100.0,679.5475,26.96085,521.9905,508.4281783,234.8553638,660.7501,1.013622,1.008816252,1.2938395,1.2707562,1.2572061,1.69187715,1.3787971,1.06752334,25.13935,25.80597,58.53527,23.39523,51.16492,454.6401,400.8148,336.7724,108.9392,87.3104,53.8,45180.3,71.325,-9.823831223,0.870270159,2372.175,545.314,1.188238,266.43,-0.704052,10.71402,84.3983,66.63067,28.87460805,107.0184,60.4875,48.03875,38.9
19,2099.999,648.1161,21.90452257,392.0118,381.8265761,254.0764197,538.1714,1.013664,1.009358137,1.2764317,1.254867,1.2415435,1.6754918,1.364334,1.06482693,25.35894,25.80319,56.15781,23.36736,52.50821,401.422,355.3663,313.645,108.3531,86.1038,54.9,43615.91,57.9485,-9.463194398,0.874571219,2335.561,408.9102,1.154113,262.565,1.110021,9.81711,80.9466,65.38343,31.36329556,104.4856,53.02293,50.25159,37.0
20,2100.0,583.8223,17.3804778,260.7018,253.9282636,303.1427485,414.7668,1.013661,1.010256925,1.1647595,1.1441156,1.1322081,1.6558205,1.437277,1.04963926,25.28178,25.76503,47.12431,23.33226,51.1902,368.4839,331.0972,287.1502,108.078,85.3951,54.6,33259.75,45.9801,-8.552031075,0.860728652,2260.335,277.7541,1.150578,248.8918,3.366348,9.039091,78.77192,63.8413,31.38999699,99.0443,56.60759,41.52595,31.56392
21,2100.0,553.067,12.8171862,130.9299,127.5280882,445.1264073,294.305,1.013681,1.010650638,1.1742591,1.1553321,1.1431875,1.67174505,1.4277343,1.04988628,25.01694,25.64232,46.80977,23.32796,53.1583,317.00855,284.3965,246.5054,108.0663,85.2717,55.3,32697.36,33.9079,-8.173489319,0.832118606,2225.377,140.2829,1.217603,238.1673,4.754468,8.054321,78.30446,62.09402,33.01128252,97.1944,44.42076,44.2283,29.44969
22,2099.999,560.5717,8.471920966,-0.04201499,-0.040923359,1000.0,126.4865,1.013747,1.010638106,1.2112257,1.1929597,1.1805011,1.7184094,1.3774951,1.04583657,24.7035,25.64228,49.62877,23.3214,52.95189,254.6374,225.4547,174.0736,108.0876,84.7869,54.9,35118.42,22.4125,-7.938421925,0.838661445,2157.866,25.29173,1.018243,200.0178,4.324421,6.290488,79.6812,60.9576,34.80262451,93.8415,32.64713,45.6121,29.43248
23,1999.999,1358.724,63.14796443,1505.884,1466.758224,200.2105023,1632.771,1.013714,0.99300795,2.494079,2.4498,2.425221,2.909037,1.5126474,1.1942005,24.75507,25.12486,140.2034,32.78329,56.65987,577.8411,460.9231,404.9251,113.6319,88.9958,56.3,84445.8,175.4111,-11.84809111,0.878047507,2397.881,1412.839,1.558609,491.4176,-8.179352,13.6473,149.1635,95.29812,21.97862972,130.4835,48.54591,52.66101,55.1
24,2000.0,1249.966,57.289428,1356.917,1321.661675,201.5765482,1476.373,1.013766,0.99626022,2.334969,2.294875,2.271689,2.761861,1.5028366,1.178673,24.88045,25.30127,130.8917,30.9938,56.5914,560.99815,450.3997,390.6744,113.1688,89.5104,55.1,80511.79,159.1373,-11.84809111,0.878959796,2424.635,1278.267,1.369571,446.5654,-8.081726,12.89992,139.9525,87.82241,23.46826005,130.3074,46.21258,52.62264,52.40629
25,2000.0,1140.046,51.426144,1205.997,1174.662868,203.5900437,1308.748,1.013767,0.99922275,2.18488,2.148444,2.126577,2.619953,1.4848248,1.1630578,24.70314,25.69745,121.7571,29.37547,56.73745,541.8244,437.6317,379.3821,112.4824,88.5439,54.1,76484.31,142.8504,-11.82216477,0.872771022,2454.802,1143.716,1.183616,402.3153,-7.610679,12.47592,129.2006,81.44072,24.87326169,128.883,43.51592,53.91019,49.8
26,2000.0,1037.231,45.662292,1055.988,1028.551392,206.4512541,1171.664,1.013721,1.00174536,2.027072,1.994527,1.974723,2.4693765,1.4647045,1.146327,24.89645,25.47156,111.3706,27.82182,56.66043,519.09525,422.1517,378.8577,111.3186,87.8007,55.3,72046.52,126.8397,-11.52895362,0.876798833,2443.756,1026.613,1.238938,349.3353,-6.717444,12.10425,119.7799,78.2778,26.74765672,126.7665,41.81218,54.07372,47.4968
27,2000.001,913.77,39.994724,904.982,881.4688192,210.9994616,1026.835,1.013719,1.00453834,1.8346179,1.8063183,1.7887575,2.2766065,1.444521,1.1249654,25.18756,25.53206,98.4403,26.20039,57.04924,499.6138,411.9894,385.3732,110.3866,88.1756,55.3,66098.91,111.0964,-11.13992674,0.880535253,2426.186,905.5502,1.270764,279.7372,-5.57393,12.23462,107.5425,73.72011,28.97645793,124.9874,40.8,55.60833,44.37115
28,2000.0,788.244,34.039764,753.9567,734.3674483,215.5554148,881.7321,1.013686,1.006974411,1.5825599,1.5576018,1.5423702,1.9625315,1.3973985,1.1000835,24.58494,25.62235,80.78503,24.53028,54.4585,484.5975,410.6,370.6809,109.7395,87.6923,54.8,57523.23,94.5549,-10.53672823,0.871967855,2364.886,765.5312,1.252198,270.393,-3.949083,11.67214,96.80573,70.03251,28.81073161,117.427,46.62721,56.46835,42.19051
29,2000.0,696.5754,28.10466,603.0126,587.3451677,222.5208705,717.0957,1.013675,1.008564282,1.3918573,1.3687452,1.3551055,1.7345811,1.3440688,1.07777316,24.36725,25.62181,66.12843,23.45614,52.22448,451.11285,390.9213,345.6325,108.7726,87.1747,55.0,49471.23,78.0685,-10.11756377,0.884204267,2326.279,613.1491,1.054418,265.5842,-2.226289,10.58979,88.61252,66.64002,29.86840746,110.1635,52.61519,54.80253,40.7
30,1999.999,628.4496,22.6018687,451.9596,440.2168164,238.7611987,578.7523,1.013681,1.009645137,1.3132742,1.2936714,1.2808951,1.67799665,1.3436803,1.06742949,24.48598,25.80973,59.24974,23.40277,53.97609,409.7429,358.2754,317.6341,108.3455,86.3314,53.8,44865.7,62.783,-9.508555467,0.869058668,2252.943,459.3869,1.041543,249.3704,-0.2138846,9.974947,82.1816,64.85028,31.52831909,106.8936,48.86918,54.71195,37.26855
31,2000.001,568.309,17.49474875,302.1151,294.265566,276.4737236,449.1968,1.013716,1.010537616,1.2175763,1.199502,1.1877949,1.654045,1.3925305,1.05397703,24.31616,25.69113,51.13533,23.37308,53.65547,368.4459,325.8521,291.3194,108.0974,85.5727,55.2,35796.85,48.5965,-8.743404709,0.862765484,2177.616,317.4049,1.086871,234.4881,2.182856,8.948533,79.04945,63.42714,32.80650813,101.8172,47.41321,46.31006,32.31887
32,2000.001,527.3535,12.58366229,150.979,147.0562739,397.9322105,282.702,1.013753,1.011024174,1.1583729,1.1406787,1.129815,1.65772725,1.4316423,1.04711219,24.61504,25.29936,45.62243,23.34522,52.8555,313.73665,281.5877,236.1736,107.8185,85.2114,57.3,30933.19,34.9546,-8.17375861,0.859214353,2127.924,188.2743,0.9474103,223.6183,3.94921,7.812468,77.78207,61.27925,34.33930454,97.1559,44.36962,41.9019,28.45443
33,2000.0,510.866,7.494264,0.0190374,0.018542772,1000.0,117.4114,1.013763,1.011191375,1.1561462,1.1390785,1.128087,1.60453655,1.3526243,1.04162684,24.49517,25.67381,45.16438,23.31772,52.46347,238.88315,219.0907,168.1604,107.6175,84.0906,53.8,30499.67,20.8174,-7.707199077,0.87033438,1991.0,87.46426,0.9574717,177.379,4.008567,5.858911,78.56901,59.13082,37.18426815,92.1239,36.31358,45.77778,28.44753
34,1900.0,1461.609,68.4493164,1750.645,1705.159861,196.50166,1841.627,1.013659,0.98966243,2.778863,2.734184,2.707908,3.111113,1.4776032,1.2186564,24.3565,25.3257,156.5218,35.4467,58.43884,589.2119,459.3802,401.1866,113.0879,88.4273,55.4,89831.2,200.1442,-11.19753191,0.88381,2283.739,1609.903,1.600915,510.3306,-7.64853,14.59009,165.5315,112.9047,20.96808824,131.5975,47.0363,59.88025,60.0
35,1900.0,1340.743,60.8363964,1549.974,1509.702681,197.2578358,1677.251,1.013683,0.99353099,2.577735,2.536351,2.512852,2.9750075,1.4843295,1.1962407,24.82982,25.36377,145.222,33.16875,56.62808,564.5045,443.0237,392.6149,112.7933,88.9765,55.8,85423.8,177.8842,-11.26630977,0.880672152,2319.135,1433.291,1.47216,500.8218,-8.091075,13.16629,154.404,99.63277,22.02590567,130.3291,43.34615,51.38462,55.34872
36,1900.0,1201.952,54.4994442,1377.98,1342.177417,198.767033,1486.257,1.013699,0.99757331,2.343434,2.306595,2.285317,2.7327565,1.467276,1.1724636,24.27001,25.26801,131.3483,30.73599,55.45241,550.7202,438.3828,386.0978,112.369,88.475,55.9,80037.65,159.3551,-11.28454128,0.877196445,2362.405,1280.066,1.288114,452.8424,-7.801372,12.44851,140.0739,88.14462,23.10842695,127.2762,42.69493,52.61393,52.1
37,1900.001,1081.397,48.09230471,1204.983,1173.675214,200.5809287,1297.756,1.013627,1.00060767,2.144105,2.111016,2.091711,2.5251855,1.4365164,1.1511307,24.71067,25.25351,118.8536,28.76861,54.67668,527.6264,424.8265,380.6709,111.287,88.1882,55.6,74948.51,140.6207,-11.26684262,0.878310177,2394.924,1125.295,1.123851,407.1671,-7.301356,11.76324,128.3726,80.7345,24.69153039,124.6284,41.79494,54.18291,49.8
38,1900.001,956.221,42.00747171,1032.987,1006.148002,204.3744754,1145.936,1.01359,1.00344895,1.941232,1.912294,1.894776,2.3302265,1.4165369,1.1306702,24.44993,25.78729,105.9514,26.99717,54.56026,506.78335,413.4392,372.6867,110.3726,88.3353,53.5,69196.91,122.8288,-10.99652113,0.881512769,2367.5,998.0995,1.230216,336.1519,-6.377808,11.4657,117.1874,76.29121,26.78066253,122.6803,40.56154,54.10962,46.7532
39,1900.0,802.3003,35.8430364,861.003,838.6324786,209.2162073,966.9017,1.013577,1.006585437,1.6945694,1.6707701,1.6554843,2.0591345,1.3877217,1.106292,24.28555,25.61682,88.8459,25.09051,55.14956,492.18845,410.714,372.5817,109.8084,88.0518,55.0,60935.01,104.8042,-10.57660036,0.87232142,2318.747,854.3568,1.123354,268.5051,-5.084952,11.72162,102.9962,70.83646,28.81805634,119.5389,41.33481,58.70127,43.2
40,1900.0,703.5668,29.4064254,688.9929,671.0915333,214.4977224,793.6762,1.013552,1.008307588,1.4868723,1.4656712,1.4523113,1.80893265,1.3359081,1.08686555,24.1072,25.39364,73.27923,23.84199,53.35159,458.20945,390.9492,360.7961,109.0703,87.8275,55.8,53002.73,85.9837,-10.18610671,0.881712507,2258.818,687.2368,1.052545,260.4308,-3.335423,10.75618,92.71637,67.07477,29.98870504,112.925,45.35032,59.09874,41.4
41,1900.001,616.0804,23.26493844,517.0124,503.579419,226.149648,644.2818,1.013546,1.009684405,1.3344249,1.3159188,1.3033166,1.6543152,1.3110845,1.06827997,24.50552,25.40372,60.93798,23.40547,53.38941,415.23615,359.9058,334.9771,108.5312,87.2705,56.1,45557.75,68.0261,-9.653485141,0.889936294,2181.968,520.7196,1.124621,243.0255,-1.261814,9.856183,84.45561,64.37101,32.30943919,107.7127,46.57133,56.83694,38.35414
42,1900.0,553.2393,17.5594086,344.0291,335.0905593,256.5133082,468.0055,1.013551,1.01052818,1.2303732,1.2134827,1.2025617,1.6115829,1.3418242,1.05421336,24.29994,25.40241,52.0705,23.35678,53.12384,364.4963,319.6542,295.6786,107.9277,85.7789,56.6,36179.46,51.3433,-8.945544219,0.894675099,2083.822,393.3353,0.9658797,221.5484,0.946757,8.791124,79.80115,62.71839,34.52330501,101.8758,44.79618,47.82357,33.42867
43,1900.001,485.8019,12.1580038,172.0077,167.5386076,355.2297692,294.1248,1.013578,1.011414877,1.1806207,1.1657884,1.1552365,1.62629475,1.3772595,1.04357208,24.22513,25.63697,47.28653,23.34956,55.47716,313.5157,278.4885,239.6748,107.9586,85.5016,54.9,30899.54,35.5497,-8.255301963,0.837310683,1997.071,259.6271,0.8778109,212.4917,3.193121,8.03018,76.62516,60.85944,35.58765802,98.4123,36.10897,46.83205,28.04103
44,1900.0,446.4977,6.5971116,-0.01374455,-0.01338744,1000.0,87.89295,1.013642,1.011825395,1.1250992,1.1109463,1.1006693,1.522455,1.3196942,1.03706025,23.87887,25.90802,42.76371,23.28755,54.35908,229.12105,213.6983,153.8457,107.5608,84.3869,53.6,26679.4,19.2898,-7.612185486,0.862815793,1810.834,134.5292,0.6605465,160.9631,3.37354,5.511879,77.31651,57.52485,39.90590182,91.8881,35.43631,50.94968,26.68726
45,1800.001,1574.334,72.24027893,1979.748,1928.310322,193.5733437,2075.676,1.013527,0.98575459,3.144281,3.099088,3.071475,3.459547,1.4389726,1.2430104,24.27983,25.31715,176.3114,38.89962,61.56801,588.0296,441.4794,409.9949,113.7851,89.5253,55.4,95881.0,222.9637,-10.02064223,0.88717478,2206.586,1792.788,1.53688,523.479,-7.706854,14.59846,189.8881,134.3693,20.33550119,133.9381,42.92484,62.2,65.39682
46,1800.0,1435.291,64.7487432,1768.924,1722.963937,194.1773012,1883.802,1.013612,0.99056017,2.913663,2.872316,2.847858,3.294595,1.4581268,1.2152851,24.54667,25.05076,163.7449,35.97416,59.56483,567.19485,429.966,396.1721,113.5302,90.1474,56.5,91177.5,199.8418,-10.53336497,0.879343198,2220.095,1607.505,1.432215,509.3734,-7.98875,13.70584,171.6645,115.3619,21.44376376,133.2809,39.42912,52.8443,58.73165
47,1800.0,1282.325,57.8064924,1571.976,1531.133027,195.077418,1678.587,1.013574,0.99516229,2.606839,2.569677,2.548394,3.0042545,1.466545,1.1858629,24.93726,25.35668,147.1146,32.88084,56.35241,553.46985,428.1263,391.7887,113.0311,90.0095,55.4,85119.7,178.4151,-10.63529989,0.877204978,2246.126,1437.682,1.323359,506.1456,-7.746824,12.78652,154.2201,100.0745,22.13642695,128.2021,39.1,48.7462,54.1
48,1800.0,1159.0,50.9214276,1376.02,1340.268342,196.3143817,1476.01,1.013513,0.99846497,2.368016,2.334172,2.31469,2.7458285,1.4346502,1.1625893,24.77098,25.52778,133.2211,30.57022,54.12328,530.89885,416.6811,389.4886,111.9936,89.4658,54.9,79882.62,157.1649,-10.55927985,0.874238529,2278.513,1261.972,1.241308,474.6276,-7.37605,11.8036,140.0571,89.01842,22.7823655,123.6976,38.75385,49.07756,52.0
49,1800.0,998.716,44.0479296,1178.999,1148.366328,198.1930199,1265.879,1.013534,1.00246121,2.07459,2.045413,2.028145,2.400626,1.3879744,1.1349835,24.26241,25.736,115.1301,27.94408,52.9464,512.27585,411.8924,383.0229,110.9265,88.5183,54.0,72515.91,135.9504,-10.45273262,0.878999565,2304.331,1091.379,1.089973,409.9319,-6.628139,11.33287,124.907,80.01021,24.74321927,119.4809,40.0,54.99809,49.3
50,1800.0,839.883,37.6119288,982.958,957.4188521,202.9863974,1077.314,1.013511,1.005829079,1.7936611,1.7693849,1.754513,2.1103145,1.367891,1.1102969,24.37988,25.61548,96.056,25.74477,52.5313,497.5338,410.709,379.5314,109.4938,87.641,55.1,64018.59,116.0862,-10.34484466,0.881634123,2253.177,946.1472,1.079976,299.7987,-5.776065,11.30317,110.4627,72.66671,27.15295857,116.4041,40.58987,57.1557,45.28165
51,1800.0,694.8749,30.765906,785.9407,765.5204422,207.6616123,889.248,1.013513,1.00841553,1.5419199,1.522134,1.509368,1.82584425,1.3197709,1.08742414,24.02753,25.52391,77.60803,24.05418,53.00508,473.3552,400.4835,372.4246,108.7275,87.1427,55.7,54694.73,94.9565,-10.11364473,0.875965403,2180.374,777.118,1.097832,251.9449,-4.426563,11.21069,96.13234,66.70516,29.38548741,112.1336,42.69493,64.65127,42.11582
52,1800.0,598.5653,23.984586,589.9844,574.6554655,215.6592001,689.3981,1.013548,1.0099252,1.3688973,1.3512386,1.3397491,1.63547965,1.2755112,1.07053408,24.02894,25.5095,63.82732,23.48059,53.3614,425.85545,367.8081,350.9177,108.4249,86.9054,55.4,46682.33,74.0265,-9.811632951,0.881371511,2107.776,615.877,1.00276,239.5686,-2.432354,10.19893,86.36101,63.74558,31.81753647,106.9893,44.21795,66.79102,39.69038
53,1800.001,515.1589,17.66821582,393.0395,382.8275745,238.4693388,516.0773,1.013513,1.010935972,1.2336872,1.2188108,1.2086114,1.5427083,1.2851185,1.05401754,23.82846,25.65859,52.60302,23.44031,53.60747,369.72805,325.6551,311.9822,107.8294,85.8031,54.7,35258.48,54.5315,-9.095023178,0.878679238,1988.064,472.8127,1.034678,214.8115,0.2827334,9.155965,79.01885,61.67171,34.7027749,101.4375,43.82803,54.67707,34.62866
54,1800.0,436.7076,11.7533268,197.0408,191.9212993,316.4323975,312.6072,1.013545,1.011866138,1.1472956,1.1343123,1.1248772,1.52612125,1.3327855,1.0401864,23.86325,25.7031,44.83681,23.36009,55.75874,312.8569,280.1648,250.2021,107.6816,85.4527,55.0,27932.66,36.2757,-8.16139991,0.843082371,1786.439,343.7852,0.8325288,183.7758,2.835901,8.431116,74.21754,59.35424,37.60693395,97.3242,39.35223,49.54522,27.69045
55,1700.0,1620.684,74.3512374,2158.809,2102.718971,193.4522817,2279.111,1.01362,0.98453279,3.531512,3.490175,3.461515,3.9272315,1.4166888,1.2516989,24.46095,25.39951,197.0832,41.88817,67.21027,591.15165,424.0601,419.2961,113.6509,90.0736,55.1,101125.1,242.9779,-8.326096628,0.887388762,2187.056,1967.577,1.536707,430.6875,-6.499112,16.13826,206.372,159.8976,21.6703959,143.1446,36.0,57.96312,67.73563
56,1700.0,1463.388,67.0483638,1955.048,1904.252076,192.6329765,2060.192,1.013665,0.99002803,3.277471,3.239864,3.213213,3.661047,1.4061411,1.2184572,24.91617,25.64405,184.0275,38.53668,66.28448,569.61075,412.2161,401.8433,113.0942,89.1092,54.1,96125.9,219.1123,-9.057334014,0.881290521,2229.677,1760.958,1.44884,413.5089,-7.139962,15.24333,185.7652,135.7265,23.48867884,141.8184,33.87405,63.41835,62.24304
57,1700.001,1288.897,59.76838356,1736.983,1691.852826,193.2749469,1831.47,1.013615,0.99531616,2.919957,2.887169,2.863774,3.3013325,1.412906,1.1828601,24.88477,25.41768,165.3163,34.68209,63.23513,554.1972,411.0686,394.2595,112.2841,89.1753,55.1,89686.8,195.3214,-9.600389142,0.877158883,2229.051,1571.802,1.169674,389.5821,-7.496549,14.27907,167.4017,116.0028,24.71531998,137.1931,33.14295,61.21987,56.8
58,1700.0,1151.639,52.6688424,1519.997,1480.504541,194.6305089,1607.925,1.013648,0.9989975,2.601891,2.572149,2.551643,2.979156,1.4100676,1.1576349,24.77567,25.38244,147.5347,31.72565,59.50215,536.64445,407.8728,399.0763,111.1286,88.6051,55.8,83554.13,172.1204,-9.724274076,0.874355329,2170.522,1398.529,1.217954,364.8911,-7.121659,13.37673,149.7526,101.4442,25.10243566,130.3025,33.3,56.23503,53.10318
59,1700.0,985.999,45.5053212,1302.973,1269.119244,196.1673131,1366.488,1.013599,1.00288936,2.204171,2.177848,2.16007,2.5129925,1.3847535,1.1328436,24.37263,25.43836,123.7888,28.51505,55.22322,526.7654,415.8061,394.0438,110.022,88.1915,55.5,74888.75,148.7102,-9.812767408,0.87421157,2100.949,1231.64,0.9343858,335.9487,-6.601248,12.3849,128.6971,83.85625,25.21255433,121.6596,36.0,58.96582,49.44747
60,1700.0,848.799,38.4817644,1085.872,1057.658948,199.056433,1156.778,1.01355,1.005670512,1.920466,1.896919,1.88148,2.2093595,1.3517455,1.1113508,24.29144,25.66372,105.1549,26.36087,53.38061,505.3761,409.1613,386.9416,109.1326,87.4175,54.7,67248.5,125.7574,-9.901260739,0.872539813,2040.179,1066.64,1.011871,294.4539,-5.879358,11.82923,114.137,75.21223,26.36017123,116.1906,36.63077,60.02692,46.39038
61,1700.0,699.2318,31.4677854,868.939,846.362286,203.4120917,942.7954,1.013553,1.008321265,1.6288029,1.6099905,1.5961187,1.898081,1.3144702,1.08932826,23.95746,25.79398,84.6621,24.43482,52.7575,481.6221,401.3189,378.8316,108.6499,87.0558,54.1,57497.36,102.8359,-9.954356738,0.87061435,1962.314,922.8227,0.8034867,241.9811,-4.926471,11.55492,99.25924,67.4402,28.46914954,111.3752,38.26541,62.26101,42.7717
62,1700.0,597.8335,24.3149436,651.9769,635.0372805,209.479213,725.2616,1.013523,1.009842594,1.4269322,1.4102442,1.3989548,1.67915015,1.2628693,1.07262906,23.93454,25.54608,68.69651,23.60736,52.62619,432.14915,368.7136,361.2213,108.3277,87.2553,55.0,48986.85,79.4606,-9.954356738,0.88118035,1897.968,749.3049,0.7645871,226.9474,-3.588317,10.15861,89.77098,63.31572,31.0871882,106.5492,39.75962,63.97884,40.4
63,1699.999,488.8627,17.72525377,433.985,422.7092313,229.4129206,524.267,1.013522,1.011207201,1.2277041,1.2141842,1.2043543,1.5372716,1.2929176,1.05193207,23.8905,25.41269,52.45439,23.45126,52.58529,384.48725,337.3505,322.0499,107.7162,85.6291,56.7,34358.36,57.9257,-9.01353712,0.861648995,1760.949,577.4439,0.7879499,203.2551,-0.7558469,9.368802,79.55195,60.87479,33.06763259,99.8573,43.07595,49.61899,33.47152
64,1699.999,422.1383,11.40672469,216.9646,211.3274405,295.3059591,337.9749,1.013542,1.012043147,1.1230008,1.1108668,1.1019721,1.4996596,1.3433465,1.04012664,23.83121,25.54513,42.98339,23.40164,53.89798,316.54665,286.87,259.0861,107.3936,85.0357,55.0,25527.92,37.2769,-8.12216949,0.860592545,1575.955,414.7463,0.8579918,179.144,2.44128,8.354671,73.48861,58.23954,36.50095782,95.16,43.21847,44.51274,26.53312
65,1675.0,1632.78,75.88788165,2230.452,2172.500548,193.9606068,2326.311,1.013682,0.98404322,3.617647,3.576083,3.546612,4.059179,1.4259127,1.2588064,24.95733,25.54266,201.909,42.56678,68.05142,601.1011,429.3728,426.5106,113.316,89.2557,54.5,102264.6,251.7011,-7.802247046,0.887667441,2167.994,2052.123,1.430027,404.9694,-6.042533,16.97721,209.9182,167.4265,21.66109229,143.9542,35.1,56.48217,67.7
66,1675.001,1458.782,67.57155704,2000.978,1948.988726,192.5109065,2096.871,1.013665,0.99002482,3.36696,3.330917,3.304146,3.772676,1.3998975,1.2174385,24.82692,25.5209,188.7958,38.93523,68.04534,572.3696,410.0062,404.1615,112.9411,89.3067,54.3,97118.2,224.1178,-8.689025284,0.87892932,2229.468,1802.43,1.720875,389.924,-6.921036,15.69369,189.9959,141.8725,24.12773909,145.3138,32.17215,63.49747,62.48101
67,1675.0,1287.307,60.21235395,1778.994,1732.772299,192.9501446,1859.013,1.013584,0.99510116,2.992751,2.960911,2.937448,3.376214,1.4037524,1.1820669,24.65805,25.2224,169.2735,35.00802,64.60396,557.20655,409.5497,396.3109,112.086,89.0822,56.1,90634.6,199.7093,-9.337149413,0.874683807,2246.734,1606.459,0.9938381,365.5848,-7.377704,14.61886,169.875,119.3292,25.08577583,139.2287,31.99051,63.41266,57.2
68,1675.001,1135.42,53.07723739,1556.062,1515.632503,194.4532202,1399.176,1.013637,0.99921752,2.649225,2.620789,2.600114,3.0116855,1.3991687,1.154421,24.49771,25.2405,150.5315,31.81256,61.19693,542.7921,409.9462,397.459,111.127,89.0254,55.7,84154.3,176.0438,-9.495314412,0.86999091,2157.62,1436.683,0.8112622,331.8494,-7.16693,13.84797,151.8654,103.8845,25.70672636,132.9792,32.12152,61.85443,53.30317
69,1675.0,979.179,45.85112505,1334.034,1299.373219,195.937284,1177.521,1.013607,1.0029301,2.242615,2.217115,2.199308,2.5461405,1.3831168,1.1320248,24.29755,25.48615,126.5237,28.66385,56.23717,532.06815,417.7693,388.5833,110.1365,88.7316,54.9,75563.54,152.0767,-9.619778034,0.872412985,2060.573,1276.984,1.24431,309.5471,-6.64409,12.75313,129.9634,85.17956,25.58447082,123.354,34.81656,61.90955,49.48408
70,1675.0,840.937,38.73668985,1112.028,1083.135364,198.5824066,962.1256,1.013617,1.005841362,1.930201,1.90786,1.892695,2.210408,1.3514871,1.1111206,24.27708,25.61449,105.9835,26.33594,53.58845,511.34235,413.644,382.1334,109.1483,87.7264,54.8,67366.14,128.4799,-9.744740129,0.872084614,1981.988,1108.297,0.69864,279.9425,-5.920123,12.07776,114.6772,75.59764,26.30679815,116.5413,36.295,60.71188,46.29375
71,1675.0,702.6848,31.56593445,889.034,865.9351791,202.4110724,729.1029,1.013657,1.008334094,1.6546019,1.6351282,1.6222445,1.9145605,1.3122474,1.09045059,24.20453,25.59647,86.4405,24.56905,52.87836,482.28245,400.7486,364.2933,108.5963,87.4883,55.8,58302.56,104.6963,-9.886398214,0.872946444,1907.231,953.112,0.7162999,240.5115,-5.053805,11.5673,100.3564,67.77953,28.38318419,111.7215,37.3,61.23013,43.0
72,1675.0,593.6617,24.36864705,666.9626,649.6336231,208.2878428,536.4453,1.013731,1.01011707,1.4302988,1.4138517,1.4027372,1.6777329,1.2631679,1.07240251,24.28218,25.77704,69.247,23.54706,52.39668,435.9001,371.171,327.9671,108.2157,87.1292,53.9,49031.18,80.8247,-9.938898337,0.88076507,1839.12,778.133,0.7895741,222.4297,-3.870986,10.12728,90.70818,63.17109,30.75014241,106.2263,39.35316,62.45,40.34177
73,1675.0,491.7295,17.7148737,444.9897,433.4280079,226.9457674,330.2292,1.01384,1.011467596,1.2444197,1.2308421,1.221197,1.5492655,1.2846541,1.05387624,24.2524,25.92494,54.04367,23.74135,52.43842,382.5872,334.4489,255.1792,107.5457,85.5581,51.7,35545.36,58.7558,-9.100936102,0.871397788,1717.648,594.8302,0.7904051,202.0585,-1.038838,9.207557,80.40216,60.7869,33.39665955,99.8578,41.03585,49.25912,33.87799
74,1675.0,413.7339,11.33896275,222.0253,216.2566538,291.1419918,56.73135,1.01384,1.012415062,1.1010524,1.08851511,1.08053175,1.48400235,1.3549567,1.03953496,23.9833,25.35805,41.43704,23.40734,53.3744,317.9783,288.869,136.5801,107.3135,84.9903,57.1,23954.17,37.6085,-8.029121144,0.875969058,1507.34,439.983,0.4279108,174.1906,2.36029,8.46431,72.73313,57.67351,36.81508167,94.6426,49.53019,42.53082,25.8283
75,1600.0,1601.104,75.6688032,2322.371,2262.031315,194.4527457,2183.312,1.013851,0.98521638,3.717196,3.678609,3.649775,4.067706,1.4019366,1.258086,24.48235,25.57987,207.2282,42.74848,68.71154,610.5603,432.0194,406.8217,112.4817,89.1027,53.9,102930.3,262.7389,-6.096093323,0.891438363,2110.07,2158.893,1.404143,338.4778,-4.608665,18.12758,212.3716,179.7524,22.03311495,142.1908,33.77911,67.07595,69.2
76,1600.0,1436.341,67.1195808,2084.983,2030.811114,192.1213066,1933.354,1.01386,0.99085128,3.516954,3.484581,3.458627,3.9178645,1.3641028,1.2131425,24.25159,25.45105,197.1905,39.49586,69.82964,575.0062,403.3564,402.7525,112.3344,89.4432,54.8,98678.0,233.0541,-7.11308195,0.880784564,2198.779,1877.787,1.191191,327.7968,-5.634792,16.76108,195.7899,156.5854,25.05368503,146.7174,29.76329,65.5386,64.7
77,1600.0,1232.894,59.5880352,1853.047,1804.901259,191.9116968,1699.933,1.013842,0.99698102,3.104513,3.077049,3.054139,3.4805595,1.3603224,1.169099,24.08133,25.08497,176.5397,35.08348,67.67272,559.85635,403.1755,408.682,111.5234,88.4095,56.8,91675.9,206.9029,-8.689924828,0.8746136,2217.519,1663.727,1.163915,293.6715,-7.053007,15.59193,171.7077,124.2516,27.09672127,142.1736,28.72405,72.62721,58.5443
78,1599.999,1077.276,52.52886317,1621.923,1579.782307,193.2844231,1462.351,1.013812,1.00096898,2.717051,2.692407,2.672055,3.0553655,1.3519685,1.1419575,23.95031,25.3222,155.8645,31.66369,64.03321,546.6917,406.2644,405.4463,110.228,87.6966,55.4,84725.2,182.392,-9.193881316,0.87249052,2142.557,1495.315,1.08767,261.5886,-7.313626,14.5168,154.2224,106.0494,27.79206999,135.0772,29.11013,76.02848,54.16013
79,1600.0,943.984,45.3354336,1390.023,1353.907517,194.6456049,1220.476,1.013781,1.00397769,2.363838,2.341708,2.323942,2.6679405,1.3337839,1.1223427,23.95554,25.49864,135.2101,28.92516,60.24522,529.23665,405.5579,396.5025,109.3424,87.4834,55.0,77525.16,157.4147,-9.309481281,0.872115728,2065.665,1321.175,0.8972224,242.0563,-6.899374,13.31813,134.484,89.1245,28.03482149,127.1576,29.96582,75.62405,50.69683
80,1600.0,803.5257,38.2416192,1158.013,1127.925585,197.0841289,1015.006,1.013744,1.006694298,1.99604,1.976435,1.961268,2.247562,1.3097915,1.1042947,23.99653,25.80025,111.5379,26.43355,56.10038,512.18795,407.4211,389.4924,109.0465,87.3885,53.5,68520.69,132.7834,-9.399504409,0.866901283,1957.204,1154.114,1.006182,229.7408,-6.126906,12.70091,115.8181,76.49295,27.8863833,118.2267,32.43822,85.3503,47.08344
81,1600.0,683.7795,31.0176,926.969,902.8845545,199.6971169,756.4583,1.013762,1.008798419,1.6932241,1.6759732,1.6633415,1.918464,1.2762695,1.08661553,23.90984,25.71712,89.8809,24.61692,53.34789,480.91355,395.2393,373.0206,108.709,87.1618,54.8,59191.23,107.7,-9.646672673,0.870375471,1826.526,1001.826,0.7487714,229.509,-5.32452,11.83069,101.2318,67.69621,28.53289377,110.7641,34.57436,70.78526,44.0032
82,1600.0,576.2608,23.9250816,694.984,676.926973,205.4506104,558.6659,1.013736,1.010404945,1.4582517,1.4432341,1.4331077,1.7018691,1.2504406,1.06993401,23.5382,25.45028,71.53409,23.54018,52.62371,435.1741,367.1629,339.4754,108.1234,86.2479,55.8,49792.93,83.0732,-9.840859529,0.879614217,1727.394,828.8822,0.8283478,217.5981,-4.191077,10.11891,92.03572,63.15081,30.98208262,104.9216,35.31936,61.25032,40.05484
83,1600.0,480.8712,17.254368,462.9746,450.9456254,222.4183967,332.6574,1.013728,1.011579748,1.2547687,1.2415015,1.2332413,1.54993295,1.2722024,1.05189546,23.74765,25.51539,54.77337,23.45294,52.03136,381.13,331.3638,253.5875,107.5199,84.9962,55.1,35688.4,59.911,-9.074729013,0.879477417,1610.338,628.0799,0.6923316,194.9962,-1.301322,9.015118,81.0992,60.3935,33.18415486,98.3245,37.62357,48.02739,33.58408
84,1600.0,383.9236,10.8773568,231.983,225.9556335,279.8311315,44.15462,1.013729,1.012679768,1.1015561,1.09116806,1.08392125,1.4609749,1.3344524,1.03752024,24.21193,25.85452,41.79243,23.65584,54.58783,321.2531,290.488,129.7549,107.3668,84.5147,54.3,23150.83,37.7686,-7.880026066,0.848497838,1422.389,468.2107,0.2513199,172.5134,1.87075,8.573117,71.74095,56.82306,36.59540675,93.9203,44.62165,44.00828,24.89681
85,1600.0,349.8557,4.7068128,-0.01081848,-0.010537395,1000.0,-98.07619,1.013718,1.013014162,1.06694195,1.05752155,1.05038179,1.4291338,1.3197635,1.03145481,23.93498,25.94796,38.02538,23.40414,54.80118,212.6001,211.9823,76.97228,106.9024,83.07605,53.2,19538.18,16.3431,-6.986612976,0.894032634,1161.93,357.2291,0.2405971,152.7405,2.67483,5.539897,72.42437,53.50326,43.37667027,87.9321,38.27595,46.25063,21.2
86,1500.0,1572.836,74.138598,2422.221,2359.287019,194.8444959,2296.338,1.013589,0.98619152,3.828238,3.791909,3.764683,4.157907,1.3721557,1.2563532,24.17403,25.44198,213.3107,43.01371,68.14789,615.8063,431.0365,408.2183,112.0023,89.7631,55.0,103782.6,274.5874,-5.077876848,0.897502088,1880.631,2311.907,1.293028,316.4631,-3.785685,18.19798,218.562,189.4518,21.46202563,137.9744,31.99688,65.71375,71.3475
87,1499.999,1357.282,66.61818959,2208.918,2151.526043,191.9866628,2041.525,1.013525,0.9933488,3.555508,3.527945,3.502748,3.9111175,1.3411314,1.2036799,24.31356,25.42485,201.1557,38.85491,69.89957,594.7827,417.1495,409.7688,112.0602,89.2871,55.0,98583.1,246.7342,-5.801300808,0.876414266,2146.719,2023.382,1.210012,272.1063,-4.624505,17.9652,192.1069,159.0913,25.02172261,144.7531,28.3375,81.33375,64.9
88,1500.0,1202.334,59.085396,1963.938,1912.911097,191.51814,1775.019,1.013462,0.99772437,3.224961,3.200213,3.177833,3.6100555,1.3157214,1.1663633,24.31382,25.36358,185.1116,35.44651,68.011,569.1597,403.8339,418.1127,111.1266,88.5099,55.1,93224.6,218.8348,-7.000392611,0.874592554,2173.437,1772.959,1.00964,254.512,-5.811692,16.41547,174.9579,134.2789,27.04178616,142.2667,26.63165,67.26266,61.08418
89,1500.0,1039.378,51.786756,1717.936,1673.300704,191.8974769,1527.652,1.013393,1.00167125,2.823667,2.802099,2.782671,3.192622,1.2964339,1.1349973,24.08382,25.45166,164.4544,31.88973,65.07219,550.82465,401.0894,416.5173,110.1123,88.2751,55.7,86334.3,191.8028,-8.233684265,0.870548722,2156.253,1564.501,0.9583495,243.5538,-6.71459,14.68766,160.4996,114.3935,28.26234017,136.1994,26.22532,65.36899,56.69747
90,1500.0,889.084,44.581212,1473.003,1434.731536,192.6663092,1277.504,1.013378,1.0048857,2.389274,2.370306,2.353607,2.678361,1.287259,1.1128695,24.14297,25.7081,139.1487,28.73457,60.61461,536.932,407.0965,409.2788,109.4774,87.7506,54.0,77694.69,165.1156,-8.89244822,0.87005165,2130.854,1357.784,0.8362973,240.3681,-7.04509,13.08839,142.4063,94.67508,28.36411505,126.3629,27.5,74.96879,51.6
91,1499.999,762.3926,37.60044493,1227.059,1195.177637,195.0677014,1046.225,1.01339,1.007219297,2.034318,2.017214,2.003371,2.305024,1.2839547,1.09724071,23.95408,25.68327,115.4999,26.36795,56.70618,515.30405,405.2598,403.8378,109.1244,87.6072,54.0,69046.2,139.261,-8.928974279,0.869346422,2053.618,1168.881,0.9007534,234.1204,-6.316578,12.06248,122.3121,79.60775,28.6201115,118.5232,28.64204,64.80446,46.80318
92,1500.0,645.1043,30.472443,981.981,956.4672365,197.5430371,799.9436,1.013414,1.009206182,1.7123936,1.6976074,1.6859105,1.9440695,1.2554592,1.08105532,23.75336,25.19782,92.0123,24.54505,54.00792,485.8954,395.3287,385.8938,108.7134,87.2694,58.0,59258.94,112.8609,-9.122530882,0.87314837,1925.924,1007.95,0.8549619,230.0146,-5.492164,11.62914,104.4518,68.84008,29.12528199,110.5817,30.74331,65.41019,43.30828
93,1500.0,542.2458,23.4225,735.9955,716.872915,202.5888908,573.0509,1.013366,1.010476231,1.4877751,1.4751109,1.4650814,1.7208047,1.2264797,1.06590797,23.88974,25.52961,74.57547,23.54972,53.3233,436.2831,364.4723,342.9565,108.0893,86.6596,54.5,50547.15,86.75,-9.219366479,0.87012432,1753.415,852.3671,0.71049,217.8138,-4.313787,10.29467,93.53597,63.96394,31.35208745,104.8354,30.97736,59.46038,39.9
94,1500.0,454.3272,16.774074,490.9814,478.2247547,217.4858733,353.3128,1.013346,1.011426733,1.2682307,1.2568469,1.2487176,1.5446469,1.2491717,1.05065101,23.84259,26.0032,56.68557,23.44736,51.43119,380.395,328.3335,261.2606,107.3503,85.6102,53.1,36251.66,62.1262,-8.683427487,0.871475613,1460.816,709.3794,0.6900961,196.9658,-1.696744,9.102641,81.86837,60.29783,33.01167059,97.5107,34.55886,46.04304,33.73165
95,1500.0,380.9702,10.353447,245.047,238.6802055,268.9633545,53.71122,1.013318,1.012311578,1.1109339,1.1007498,1.09370867,1.45502305,1.3110341,1.0368801,23.7161,25.70152,42.68785,23.47699,52.52073,310.51385,280.3534,134.5822,107.0311,84.8188,56.2,23797.26,38.3461,-7.616047221,0.890009592,1350.402,500.5929,0.1530074,172.6258,1.512303,8.11149,72.84108,56.57063,36.99138644,92.431,40.68302,40.44025,25.29434
96,1400.0,1520.023,71.4755412,2516.954,2451.558672,193.6880985,2428.028,1.013317,0.98775834,3.870654,3.838422,3.813356,4.1923265,1.3331367,1.2465598,24.49451,25.67253,216.6998,42.65183,65.5443,613.5045,425.0373,411.691,110.1384,88.4689,54.3,103775.3,283.6331,-4.506066114,0.900056641,1749.141,2409.4,1.354688,346.3032,-3.399467,17.66301,223.8648,194.3163,20.5542607,130.2868,29.91795,57.89743,74.03205
97,1400.0,1388.022,65.8077084,2339.985,2279.187669,191.8158346,2150.73,1.013269,0.99205488,3.678275,3.649785,3.626068,4.0195715,1.3137679,1.2099055,24.28453,25.44788,207.9363,39.90336,66.2527,597.3782,413.7519,416.6258,110.0013,89.3089,54.6,100348.7,261.1417,-4.773187632,0.887224647,1881.0,2311.652,1.13348,319.4563,-3.72887,17.73686,202.9481,172.779,22.44106162,134.6549,27.95886,60.1519,69.39367
98,1400.002,1165.492,58.19479594,2080.029,2025.985828,190.8248373,1878.991,1.013273,0.99841403,3.242923,3.219836,3.199516,3.593549,1.2998855,1.1624367,24.47745,25.31784,187.6006,35.19095,65.17126,583.50935,414.2572,427.7445,110.0116,89.5841,55.6,93327.4,230.9314,-5.605911314,0.87174317,2064.044,1936.322,1.08669,271.9817,-4.63441,16.68766,176.4735,140.3237,25.12188865,135.993,26.10823,62.15443,61.84747
99,1400.0,1008.011,50.9119884,1819.911,1772.626196,190.8054039,1603.865,1.013226,1.00217909,2.871611,2.851703,2.833911,3.1990045,1.2560203,1.1328936,23.92876,25.34433,169.0001,31.90338,63.50105,561.0758,406.0955,431.2142,109.8721,89.2693,55.0,87000.0,202.0317,-6.69672498,0.870235462,2054.094,1696.831,0.7574022,242.966,-5.529326,15.183,163.3482,122.5886,27.11938703,133.0605,25.3,65.14906,59.5
100,1399.999,884.408,43.76420394,1559.859,1519.33085,191.361586,1333.765,1.01334,1.00490745,2.501506,2.483764,2.468063,2.778926,1.2313002,1.1109748,24.06689,25.4265,147.3899,29.19941,59.88465,536.41185,398.6433,427.1927,109.3033,88.4765,55.3,79819.77,173.6676,-6.697836518,0.874893578,2048.199,1464.952,0.6917013,233.0056,-5.389016,14.39354,143.3302,104.8118,27.75285675,125.0003,25.71553,70.36459,56.2
101,1400.0,742.552,36.794142,1300.004,1266.227385,193.0433088,1073.305,1.013342,1.007464185,2.09447,2.07866,2.065707,2.334823,1.2318856,1.09024044,23.99373,25.72733,121.0983,26.53128,56.17226,516.70165,399.6555,422.7837,108.9831,88.1164,54.9,70360.66,146.0085,-7.599895541,0.858906983,1919.847,1285.067,0.7314541,225.9408,-5.647732,12.4362,124.7602,84.38874,27.0,116.642,26.85478,68.01465,49.64586
102,1400.0,629.9574,29.8013688,1040.008,1012.986583,195.4430779,815.7732,1.013323,1.009299642,1.762352,1.7486675,1.7374858,1.97506,1.2167207,1.0759775,24.02958,25.87492,97.1968,24.68129,53.02884,486.7485,390.8627,394.0667,108.5249,87.2758,53.4,60652.8,118.2594,-7.777443703,0.877206999,1814.625,1090.724,0.6783708,218.9219,-4.97242,12.05473,106.5267,72.6898,28.59421973,108.6619,28.4375,64.45375,45.39688
103,1400.0,520.2749,22.9525128,779.988,759.7224049,200.7072583,598.526,1.013201,1.01059096,1.4571653,1.4451649,1.4362074,1.67340535,1.2210915,1.06333842,23.9954,25.56664,73.03225,23.56483,50.07382,449.18335,375.3708,350.7405,107.8729,85.7871,55.6,49101.55,91.0814,-7.848238368,0.871683319,1592.0,941.0062,0.6826089,218.1955,-3.643551,10.71304,92.95867,65.2773,28.8540647,99.9234,32.09427,51.44713,39.7
104,1400.0,443.8568,16.2742356,520.0054,506.4946551,213.4585263,360.0295,1.013106,1.011304487,1.2612652,1.2502681,1.2427083,1.5280446,1.2410392,1.04988339,23.69081,25.46316,56.01325,23.45344,48.53894,386.95255,334.1323,263.8173,107.2999,85.5514,56.2,35784.73,64.5803,-7.423476106,0.873386853,1327.164,783.5524,0.5900603,207.3145,-1.103511,9.614169,81.07776,61.20348,30.32244329,94.4104,34.63145,40.92579,33.74591
105,1364.999,1487.568,70.2937357,2549.12,2482.888938,192.9046994,2422.715,1.01312,0.98834876,3.891567,3.860732,3.836457,4.2176575,1.3161451,1.2387718,24.65978,25.68185,218.5455,42.28928,65.42272,612.1221,421.1405,411.952,110.1603,88.8144,54.2,103814.4,286.096,-4.495994089,0.897026173,1726.95,2427.657,1.299901,357.9044,-3.462006,17.35955,224.632,193.5077,20.49786382,130.2807,28.86289,55.57925,74.82327
106,1365.001,1331.791,63.78826304,2339.918,2279.12241,190.7023153,2151.775,1.0131,0.99329413,3.611422,3.584465,3.561971,3.92694,1.2944779,1.1984679,24.69085,25.66303,205.5118,38.86139,65.23008,595.385,412.6966,419.9058,109.7679,89.5006,54.4,99180.9,259.6183,-4.782485018,0.887196837,1879.278,2309.334,1.16419,333.6785,-3.779428,17.36059,199.1177,167.2661,22.53325258,132.1986,27.38608,62.37152,69.43228
107,1365.001,1131.311,56.60214703,2080.017,2025.97414,190.3626966,1877.288,1.013117,0.99877565,3.161975,3.139818,3.120123,3.484375,1.2964496,1.1554006,24.4804,25.12947,183.4427,34.38084,62.7958,584.0265,417.1641,431.3342,109.5442,89.6922,55.5,91999.4,230.3708,-5.417389292,0.874352746,1993.082,1971.774,1.022703,292.8722,-4.441301,16.36949,173.1797,136.6365,24.32060458,130.7021,26.38481,59.86266,60.7905
108,1365.001,976.968,49.56762802,1819.902,1772.61743,190.5311384,1600.138,1.013099,1.00245863,2.813986,2.794769,2.77789,3.11195,1.2443382,1.1281215,24.21669,25.03576,165.8795,31.34763,61.7156,562.60955,408.8005,435.3924,109.5041,88.7932,57.2,85878.5,201.7403,-6.347868167,0.868710127,1986.297,1729.039,0.8411222,249.2181,-5.190338,14.95261,161.2965,121.2947,26.35457593,129.0953,25.35161,66.59032,59.57613
109,1365.0,861.224,42.66374112,1559.971,1519.43994,191.3192,1331.139,1.013105,1.004871459,2.481028,2.463759,2.448911,2.7551965,1.214792,1.1077233,24.36006,25.58386,146.7375,28.89903,58.97103,536.65535,398.0338,434.3885,109.2023,88.2371,54.7,79328.21,173.6416,-6.347765035,0.873204454,1970.465,1501.258,0.726444,232.8371,-4.986153,14.12598,142.432,104.8299,27.33777446,123.4256,25.14277,65.45409,57.0717
110,1365.0,721.7736,35.91043092,1300.068,1266.289722,193.2282825,1057.602,1.013113,1.007394115,2.065472,2.050049,2.037648,2.30391,1.2277103,1.08736227,24.03872,25.91662,119.5852,26.28216,54.88033,521.0196,403.551,431.328,109.012,87.733,53.0,69511.54,146.1556,-7.091630411,0.868132364,1827.372,1329.269,0.7097942,223.7308,-5.130086,12.48057,122.6381,84.18976,27.291527,114.4443,26.54872,62.17115,49.17436
111,1365.0,612.9564,29.09402496,1040.0,1012.978791,195.698102,814.1013,1.013098,1.009167562,1.7392983,1.725704,1.7152344,1.9567275,1.2188521,1.07429891,23.94854,25.49785,95.3206,24.50477,51.9556,491.57895,395.5443,395.1095,108.6025,87.0223,56.2,59764.19,118.4128,-7.144273773,0.87512813,1722.872,1130.778,0.6545633,212.8083,-4.37027,12.18399,104.7153,73.05253,27.88193724,106.8668,28.08462,57.49744,44.5
112,1365.0,510.5909,22.39894566,780.0282,759.7615604,200.8784821,595.3206,1.013086,1.010417451,1.4386407,1.4256008,1.4173709,1.66158585,1.2269661,1.06235752,24.12666,25.3852,71.3971,23.56349,48.44458,451.9804,378.6298,350.2601,107.9212,85.6706,56.7,48205.71,91.1638,-7.1967166,0.870290231,1498.269,978.1118,0.6612642,217.3338,-3.071851,10.82553,91.93033,65.93695,27.68651195,98.0006,32.375,46.33,39.02813
113,1365.0,438.6091,15.83067213,519.9758,506.4658241,212.9768347,368.7253,1.012996,1.011112515,1.2628661,1.2519211,1.2452651,1.5317553,1.2384816,1.04925145,24.45847,25.78552,56.35603,23.4774,47.73631,386.3202,332.8968,268.5703,107.4316,85.5191,54.6,35910.53,64.4309,-6.753734281,0.873619525,1277.468,799.2254,0.6039288,204.7557,-0.6901594,9.941469,80.1337,61.6605,29.72031303,93.6396,33.5962,39.06646,33.57025
114,1364.999,370.3247,9.62305458,260.0354,253.2791779,258.879069,20.71624,1.013012,1.011986407,1.1214533,1.1117489,1.1056885,1.4596746,1.2968965,1.03565976,24.78179,26.16898,44.17883,23.34834,49.6552,306.8932,277.5298,118.9145,106.8867,84.407,53.0,24326.24,39.1659,-5.975021612,0.89908402,1168.134,575.9708,0.09191299,168.0363,2.365191,9.085384,70.92404,57.06667,34.6755761,89.9484,35.71019,35.2879,25.06752
115,1299.999,1405.244,67.01218985,2584.185,2517.042881,190.4741253,2426.508,1.012941,0.99074987,3.833232,3.805002,3.783239,4.1141005,1.2795776,1.2211921,25.15331,25.17767,216.7093,40.92435,63.26205,605.4371,414.0988,417.67,110.3787,89.2507,56.2,102498.3,286.3771,-4.804103862,0.89411791,1705.599,2445.224,1.333591,408.8573,-3.845638,16.27715,223.0564,186.0029,20.285104,124.1087,27.84395,59.81338,77.2
116,1300.001,1256.495,60.1945105,2339.991,2279.193513,188.9503979,2136.967,1.012888,0.99514327,3.514848,3.490786,3.471119,3.8157045,1.2642279,1.1845132,24.88321,25.84347,202.2831,37.56363,62.03088,587.0364,406.6293,436.7661,109.7694,89.7083,53.5,97582.3,257.2413,-4.945691473,0.884527715,1819.384,2328.344,1.105344,389.9402,-4.00802,16.32145,194.7472,158.2255,21.75922234,125.0889,26.6,55.70755,70.38428
117,1300.0,1089.211,53.3524212,2080.034,2025.990698,188.403577,1854.145,1.012881,0.99962151,3.101706,3.081155,3.063786,3.3661375,1.2417136,1.1488236,24.88818,25.64832,181.9499,33.74161,59.90066,572.0309,406.51,452.2701,109.2126,89.951,54.2,91055.7,228.0018,-5.364818122,0.879974791,1845.28,2038.749,0.9780047,353.9006,-4.408338,15.41575,171.8169,132.7938,23.2518178,122.3518,26.23057,62.25796,65.2
118,1300.0,958.848,46.6639056,1819.955,1772.669053,188.3327638,1569.086,1.012826,1.00261305,2.759678,2.741462,2.725857,2.998876,1.2088491,1.1254293,24.66243,25.15849,163.1592,30.94538,57.61962,549.7001,398.645,455.0345,108.4614,88.9603,56.1,84887.5,199.4184,-5.812914663,0.877154378,1853.904,1786.843,0.7532358,332.4019,-4.651896,14.50942,154.6041,115.3892,24.33923717,118.642,25.82739,65.52802,63.28726
119,1300.0,849.762,40.1931036,1559.973,1519.441888,189.2517507,1308.224,1.012868,1.004890064,2.425054,2.407778,2.394424,2.6500085,1.1940694,1.1053501,24.339,25.16592,142.7512,28.5423,54.20556,525.06045,389.9155,458.9603,108.0957,88.3856,56.3,78131.5,171.7654,-5.998243591,0.87910102,1805.65,1571.132,0.7650225,323.1395,-4.603576,13.33431,136.051,97.49655,24.62078229,112.6025,25.97707,59.98153,59.05605
120,1300.0,728.7219,33.878403,1299.93,1266.155307,191.4292986,1037.834,1.012847,1.007012444,2.04084,2.025041,2.014118,2.254313,1.2096312,1.08555363,24.19879,25.38364,117.2317,26.1809,49.97131,506.8799,392.815,448.4479,108.6148,87.8531,54.4,68999.35,144.7795,-6.230354523,0.87878095,1676.656,1386.149,0.6992377,311.4854,-4.374396,12.51905,117.4283,81.64824,24.11842852,104.6912,27.33439,51.7121,50.7828
121,1300.0,614.2626,27.537237,1040.0,1012.978791,194.4878466,814.3056,1.012843,1.008864793,1.7002141,1.6864039,1.6775168,1.8850675,1.205316,1.07246843,24.20846,25.77665,92.4065,24.40124,47.14808,483.43745,390.9056,399.1113,108.6236,87.537,56.1,58646.91,117.6805,-6.16632076,0.881291518,1545.49,1200.363,0.6798795,280.8204,-3.34803,12.30763,100.3339,71.88923,24.09045661,98.5322,29.87516,49.3465,45.49044
122,1300.0,508.7263,21.2179266,780.0095,759.7433462,199.8059861,598.2217,1.012836,1.010221416,1.4262779,1.4133035,1.4060187,1.625568,1.2076625,1.06057063,24.10241,25.3007,70.19678,23.53545,44.98855,444.2733,372.9782,352.851,107.9263,86.1477,58.3,47686.1,90.6749,-5.992170238,0.868865217,1369.237,1027.2,0.6821321,256.8981,-1.983356,11.01852,89.83728,66.80289,24.43313282,93.4313,33.32243,41.5032,40.1
123,1300.0,431.6315,14.9769126,520.0289,506.5175445,211.5437801,366.5045,1.012802,1.011110392,1.2470957,1.236554,1.2301148,1.4881288,1.2180852,1.04709868,24.28976,25.83479,55.07135,23.45475,45.77592,383.47695,330.9738,268.7936,107.4546,85.6145,54.0,34646.51,64.0039,-5.565137918,0.88181753,1177.013,833.3297,0.5568151,209.0541,0.285056,10.59605,77.55425,61.80913,27.61426052,91.131,34.22767,37.33522,33.98365
124,1300.0,352.0392,9.0443808,259.9528,253.198724,255.5581788,31.86951,1.012798,1.01191059,1.1211363,1.1118824,1.1061015,1.43725965,1.2759398,1.03407386,24.52693,26.0685,44.02342,23.3404,49.21645,303.8609,275.3186,124.0954,106.9293,84.4926,53.1,23741.96,38.6512,-5.087279085,0.886701254,1070.873,606.2379,0.3454621,161.2785,3.064411,9.743959,69.15533,56.87821,34.00014263,88.9549,33.51266,34.83671,24.85696
125,1200.001,1235.296,61.64727217,2606.458,2538.737186,188.2046382,2413.614,1.012729,0.99553071,3.628037,3.604746,3.586863,3.889649,1.2387085,1.1895431,24.87899,25.88398,210.187,37.59079,58.49462,606.29315,417.7759,449.2441,110.2874,87.8799,54.2,98997.6,285.4038,-5.034183659,0.881161505,1688.956,2458.917,1.371963,472.3665,-4.206502,14.85398,219.0244,174.6545,19.90417674,112.0214,25.55317,55.48101,77.9
126,1200.0,1124.722,55.1840472,2340.064,2279.264616,187.652072,2123.604,1.012672,0.99845521,3.328379,3.307064,3.291002,3.6151425,1.2238937,1.1622651,24.80152,25.58492,195.1859,35.0367,56.57811,586.39085,409.69,467.6629,109.3809,88.3352,54.4,94471.6,255.4817,-4.998786899,0.878392084,1700.899,2405.833,1.155542,450.9146,-4.16457,15.14313,190.1028,148.5363,20.72775658,113.276,24.86329,47.89684,72.30569
127,1199.999,998.401,49.01437675,2079.935,2025.89427,187.5174267,1820.501,1.012688,1.00153415,2.964848,2.945558,2.931033,3.190375,1.1962649,1.1376557,24.38958,25.20595,176.0767,32.17174,54.48798,570.21755,407.2197,483.8753,109.0684,88.1049,57.1,88486.6,226.9186,-5.121541388,0.87916714,1640.494,2180.657,0.9906511,405.8237,-4.248153,14.5413,168.5978,127.2984,21.5588416,109.1488,25.13654,55.8641,69.91282
128,1200.0,884.002,42.9156144,1819.917,1772.63204,187.6425403,1545.026,1.0127,1.00405236,2.616869,2.599407,2.586394,2.790006,1.1722648,1.1173519,24.53202,25.55847,156.3385,29.66646,52.16996,550.4041,402.4753,487.7929,107.9415,88.0618,55.1,82033.8,198.6834,-5.264264029,0.8790737,1631.703,1925.173,0.7594707,392.519,-4.400395,13.62293,152.8103,111.9611,21.84072333,104.4527,25.58608,71.3924,67.41519
129,1200.001,783.5778,36.90334995,1560.079,1519.545134,188.2289371,1274.961,1.012693,1.00592649,2.291107,2.274828,2.263428,2.4386115,1.1630315,1.0982241,24.25601,25.9276,135.5416,27.5068,48.94364,526.5582,395.8769,475.9469,107.7264,87.7301,53.2,75062.3,170.8487,-5.515198917,0.878803745,1515.299,1729.792,0.5310495,391.5694,-4.045167,12.78517,130.0885,91.53989,21.5953406,98.8218,26.45223,69.45669,61.69554
130,1200.0,685.1719,31.063932,1299.982,1266.205956,190.1457571,818.6846,1.012633,1.007550648,1.949874,1.9349,1.925373,2.091955,1.1758215,1.07988144,24.1609,25.55791,111.188,25.55354,45.08349,506.46785,396.1679,533.419,108.1995,87.5328,55.8,66338.06,143.8145,-5.245438355,0.882082673,1415.032,1527.562,0.4799185,385.8535,-3.372717,12.5888,112.168,79.52931,20.66628318,93.489,28.4,52.94395,52.79681
131,1200.0,576.1948,25.2418464,1040.008,1012.986583,193.1310007,789.8386,1.012577,1.009124588,1.6274501,1.613754,1.6057786,1.7458935,1.1659909,1.0665534,24.39229,25.35858,86.8463,23.93981,43.0153,482.53335,393.2734,402.5009,108.5539,86.7063,57.1,55883.94,116.8604,-4.998786899,0.88599512,1335.522,1297.208,0.4270226,331.2147,-1.803632,12.78208,94.81834,71.14564,20.87693774,89.1232,31.53185,51.35542,47.98089
132,1199.997,486.6204,19.38331634,779.9943,759.7285412,197.7449,588.1459,1.012564,1.010241291,1.3939752,1.3816403,1.3752044,1.5432117,1.1689696,1.05690788,24.67218,25.73109,67.85309,23.48958,41.92999,437.84385,369.1147,358.5077,107.9742,86.3009,53.9,45977.53,89.7378,-4.751008436,0.877849439,1222.868,1091.885,0.5655137,293.144,-1.027823,11.24823,86.83514,66.1754,21.51955157,88.0523,34.2,39.14906,42.10943
133,1200.001,406.1001,13.63699856,520.0134,506.5024472,208.6754934,388.5214,1.012549,1.011174958,1.2323784,1.2226687,1.2171349,1.43300515,1.1820689,1.04476262,24.55069,26.17297,54.10102,23.35861,43.93674,376.4969,325.2839,281.7608,107.4632,85.823,53.1,33048.23,63.1342,-4.450134547,0.88026879,1073.302,877.6533,0.5810624,220.2308,1.014698,10.93506,75.39126,61.14503,25.73343437,88.4853,33.54654,35.82138,34.91447
134,1200.0,324.5649,8.1124632,259.9845,253.2296004,248.2977787,38.33441,1.012525,1.011934991,1.0998332,1.09159979,1.08589068,1.3608333,1.2338635,1.03133716,24.74832,26.06837,42.50069,23.32573,48.10278,295.62605,269.5716,130.0633,106.8314,84.4771,55.8,21207.38,37.5577,-4.290848269,0.890717569,964.28,639.3952,0.3702212,157.1064,3.599991,10.02977,67.19008,55.51333,33.38701943,87.156,35.80255,34.69682,25.0
135,1124.999,1100.243,57.26069185,2584.263,2517.118855,188.0687085,2401.187,1.012545,0.99895338,3.400045,3.380434,3.365448,3.6203605,1.2099641,1.1697513,24.70907,25.1898,200.623,35.23295,54.22905,616.27395,430.3342,479.8664,109.3601,88.4289,56.5,95404.1,282.7691,-5.003603183,0.872984444,1659.665,2483.016,1.587403,509.0544,-4.301985,14.15055,204.9797,155.9632,19.1917385,98.7725,24.59747,58.16013,78.71899
136,1125.0,1008.359,51.8400405,2340.037,2279.238318,188.0350814,2100.809,1.012534,1.0011478,3.104657,3.086341,3.072681,3.302248,1.1973052,1.1477395,24.1883,25.6046,185.8054,32.94006,52.17526,602.3784,428.7419,492.6497,108.7512,88.0358,54.6,90821.4,256.0002,-4.93236161,0.872877023,1563.025,2533.496,1.057441,465.5779,-4.170668,14.53331,184.4211,139.6856,19.38280252,96.3431,24.72405,59.98354,73.51582
137,1125.001,904.287,46.13049275,2080.208,2026.160177,188.2249628,1801.664,1.012503,1.00343034,2.807727,2.791088,2.778219,2.9949885,1.1735166,1.1284815,23.98054,25.72867,169.7437,30.65914,50.90518,585.1795,423.4696,506.9114,108.2017,87.966,53.5,85557.9,227.8047,-4.929099762,0.872944836,1508.806,2304.454,1.071642,401.9725,-4.159623,13.86665,167.6012,124.1545,20.35897136,97.067,24.425,59.73312,71.79063
138,1125.0,802.3282,40.4350785,1820.015,1772.727494,188.5730381,1529.345,1.012501,1.005374015,2.496008,2.480399,2.469391,2.6465055,1.1514356,1.1103185,24.23937,25.69924,150.987,28.42624,49.00961,563.86695,417.0276,500.8948,108.459,87.8776,55.6,79412.98,199.6794,-5.01928561,0.868205695,1454.329,2064.611,0.6529329,386.1127,-4.02059,13.33197,149.3306,108.4255,20.53499315,93.9721,24.74937,72.27531,69.99367
139,1125.0,730.0635,34.687521,1560.025,1519.492537,188.7287137,1049.992,1.012486,1.006620661,2.225662,2.210713,2.200776,2.356822,1.1407049,1.09504392,24.1984,25.19238,131.892,26.8637,46.40691,534.3577,404.4181,546.2031,109.296,87.6746,58.3,73296.95,171.2964,-5.194026279,0.875582618,1296.138,1899.325,0.798449,394.7264,-3.771121,12.65609,127.8541,89.49142,20.20032087,90.8276,25.47359,64.33018,65.45598
140,1125.001,652.9549,29.07789185,1299.999,1266.222514,189.852267,1042.772,1.012468,1.00792078,1.930918,1.9169,1.908398,2.0480915,1.1410209,1.07781745,24.0874,25.44492,110.5632,25.28899,43.40435,505.01505,393.6437,453.3285,108.9564,87.4182,55.6,65577.84,143.5944,-4.691976594,0.886029303,1252.722,1636.52,0.6187053,401.0133,-2.925588,12.57137,110.1052,78.56919,19.42889577,87.8586,27.1,53.18734,57.24937
141,1125.0,528.6777,23.5944495,1040.0,1012.978791,192.5629738,797.6995,1.01247,1.009612761,1.5924444,1.5805185,1.5728883,1.6745602,1.1291765,1.0612002,24.23612,26.02529,85.3578,23.63314,42.15178,481.5137,390.2046,402.5959,108.3878,86.383,52.8,54271.98,116.5158,-4.397598901,0.877794951,1250.24,1349.548,0.5705294,336.2411,-1.744878,12.72578,94.14526,70.45709,20.4222377,83.82343,30.53671,68.02595,51.3
142,1125.0,442.8659,18.06848775,779.9805,759.7150997,196.6230077,592.7217,1.012456,1.010577403,1.3585076,1.3473343,1.3415375,1.4683223,1.1352625,1.05225379,24.28261,25.87806,65.51041,23.43499,41.37079,436.7377,367.9325,369.5677,107.8921,86.0325,54.8,43828.91,89.2271,-4.2046101,0.865344544,1157.376,1124.621,0.5612325,303.3471,-0.8114163,11.33209,85.00251,64.85806,20.91484113,84.8922,33.77007,41.62548,44.00319
143,1125.0,378.4271,12.64201425,519.9916,506.4812136,206.3555824,401.0645,1.012431,1.011323659,1.2266912,1.217928,1.2131323,1.4006409,1.152105,1.04224331,24.3928,25.59506,53.5135,23.32032,43.80159,369.46455,319.162,296.7371,107.2792,85.1666,57.4,32066.66,62.4297,-4.149813562,0.882893769,1033.656,889.9672,0.4242306,227.1037,1.318482,10.86078,74.60001,60.4638,26.18853673,86.998,30.75625,36.22937,35.575
144,1125.001,292.9481,7.408772836,260.0379,253.281613,241.827406,47.99929,1.012404,1.012067539,1.06384254,1.0563935,1.05138731,1.2675914,1.1961485,1.02969124,24.46263,25.73606,39.73886,23.22379,47.66792,290.80645,267.2458,140.141,106.594,83.40544,55.2,17458.97,36.5865,-4.133241904,0.884622967,917.063,651.986,0.4124228,159.3791,3.17683,9.623742,66.03698,53.62617,33.39708369,85.0766,48.46012,36.32532,25.15317
145,1100.0,1082.289,56.06766,2589.729,2522.442837,187.9378365,2393.23,1.012515,0.99935834,3.376404,3.356025,3.341518,3.5926815,1.1998138,1.1685158,24.78782,25.74852,200.4368,34.99461,52.51098,613.1919,428.6927,486.7012,109.96,88.275,53.7,95079.0,283.17,-4.945691473,0.872086728,1586.658,2547.015,1.548082,539.3519,-4.255547,13.9544,204.178,154.4329,18.46753102,93.7717,24.41266,54.51266,81.60949
146,1100.0,993.852,50.6249964,2340.142,2279.34059,187.7927865,2094.058,1.012526,1.00144895,3.086263,3.068005,3.054624,3.276209,1.185587,1.147954,24.40544,25.5255,185.1357,32.7286,50.64692,599.3949,426.0982,501.479,108.8199,87.9464,55.7,90415.0,255.6818,-4.839500622,0.873572954,1485.212,2614.962,1.069779,496.3083,-4.083595,14.38156,183.9386,139.0777,18.70523204,91.3172,24.59615,57.00192,77.44423
147,1100.001,889.875,45.03060674,2079.987,2025.944919,187.9329345,1796.837,1.012524,1.00377164,2.783794,2.767621,2.755048,2.9608015,1.1624331,1.1282089,24.58381,25.40835,168.5341,30.41046,49.38575,583.4062,422.0242,514.2419,108.2182,87.9857,56.0,85066.2,227.4271,-4.845025081,0.8720481,1435.21,2367.94,1.057434,429.4987,-4.100966,13.76772,165.9561,122.2581,19.46920879,92.4273,24.31083,58.28854,76.06688
148,1100.001,783.8592,39.51954893,1820.048,1772.759637,188.4884983,1533.495,1.012548,1.00580978,2.472803,2.457422,2.446966,2.617992,1.1407467,1.1093538,24.47845,25.52717,149.9267,28.16555,48.03488,564.36925,417.3165,504.6448,108.9571,88.3552,54.6,78790.25,199.5935,-4.964510272,0.867731377,1392.696,2110.818,0.6700847,395.1494,-3.991742,13.14826,148.7501,107.3225,20.0709545,90.9651,24.38987,70.75,74.19051
149,1100.0,705.1996,33.9332202,1559.956,1519.425329,188.8290632,1050.578,1.012542,1.007182601,2.196515,2.182024,2.172793,2.3267725,1.1296548,1.09363716,24.22466,25.61194,131.0804,26.60622,45.83622,536.8844,405.8106,548.2134,109.4752,88.1199,55.0,72498.48,171.3799,-5.122675845,0.872179282,1270.012,1922.626,0.78338,392.6819,-3.761691,12.4203,128.1881,89.20168,19.98250235,88.8673,24.925,63.71625,68.47437
150,1099.999,632.8672,28.42190396,1300.004,1266.227385,189.7863554,1040.041,1.012542,1.00835887,1.916862,1.902624,1.894606,2.0300865,1.1314462,1.07667058,24.52223,25.51263,110.089,25.11496,43.11952,506.4138,394.6628,452.9958,108.9619,87.6634,55.8,65014.59,143.5451,-4.609420825,0.883238022,1224.414,1655.53,0.5994368,396.8452,-2.93181,12.39133,110.1986,78.18033,19.36960946,86.4168,26.45987,52.81083,58.50701
151,1100.0,520.4308,23.0456556,1039.928,1012.908661,192.372021,798.6939,1.012538,1.009825911,1.5973466,1.5856374,1.5782045,1.6820102,1.1222398,1.06035897,24.51503,25.28547,85.6288,23.56155,41.69551,479.3842,386.6668,401.3944,108.3499,86.2963,52.9,54323.81,116.3922,-4.292539641,0.875916336,1206.331,1376.909,0.5798286,343.4758,-1.733896,12.60101,94.29206,70.36475,20.09762326,82.83201,29.30255,60.38917,52.00319
152,1100.0,434.134,17.6475222,780.0203,759.7538656,196.3965903,589.1869,1.012514,1.010802966,1.3482489,1.3374501,1.3319812,1.4525488,1.129722,1.05098013,24.23231,25.83055,64.76074,23.41384,41.11671,436.72415,367.2639,372.4011,107.9374,86.1574,56.2,43174.85,89.1289,-4.129336623,0.869818704,1132.22,1139.207,0.5536961,310.3195,-0.8461092,11.2337,84.84136,64.3991,20.61829051,84.1318,33.46855,41.28553,44.08742
153,1100.0,368.0721,12.3132636,519.9488,506.4395257,205.5742472,401.7949,1.01252,1.011523363,1.2110968,1.2026591,1.1972628,1.37295345,1.1459155,1.04151726,24.31938,25.70519,52.3139,23.28945,43.46499,368.528,318.8445,299.8662,107.3329,85.5442,55.4,30771.65,62.1882,-4.078466565,0.889037224,1039.096,884.2437,0.4167366,232.2744,1.286267,10.663,74.5059,59.9076,26.19597569,86.5921,31.53205,36.14359,35.59487
154,1100.001,286.5547,7.201583347,260.0124,253.2567755,240.4305492,50.06621,1.012598,1.012336063,1.06212534,1.05474363,1.05001809,1.2567383,1.1880435,1.02960377,24.2855,25.73698,39.48475,23.18399,47.43508,288.55505,265.6418,143.5728,106.4999,83.63927,55.8,17128.66,36.3716,-4.060768472,0.887013306,926.752,646.1418,0.4130439,162.6764,3.051628,9.424333,66.16904,53.35262,33.51117813,84.9187,48.59236,36.33503,25.2
155,1000.001,983.666,51.48219348,2592.4,2525.04444,189.6284052,2383.296,1.01239,1.00160265,3.197446,3.178592,3.169191,3.4556435,1.1750331,1.1590461,24.31715,25.83105,193.6394,33.19433,46.00192,630.2304,447.8888,521.1627,111.4897,88.5413,48.9,92205.3,286.0119,-4.70823771,0.861313372,1296.019,2859.22,1.383157,671.5327,-4.049983,13.37555,205.5523,154.2396,14.71888396,80.06084,22.92372,35.88718,93.2359
156,999.999,917.014,46.36411964,2339.883,2279.088319,189.2069596,2083.166,1.01242,1.00320873,2.950272,2.932335,2.923782,3.182087,1.1591086,1.144468,24.13769,25.44702,179.7123,31.42943,43.91497,612.32375,441.0917,527.7234,110.1327,87.1932,54.4,88040.5,257.5787,-4.475846601,0.864392865,1186.648,2936.1,1.14036,627.4975,-3.773032,13.94552,184.0459,138.7019,14.6926811,78.1709,23.03396,35.82138,93.2346
157,1000.0,813.3239,41.35464,2079.941,2025.900114,189.8549942,1789.833,1.012367,1.005246697,2.644056,2.628424,2.620277,2.8339155,1.1380445,1.1256706,23.94416,25.15589,162.0236,29.16964,42.69146,597.96945,438.2641,525.5492,109.8609,87.9113,56.5,82286.32,229.748,-4.545124074,0.86279724,1140.627,2659.47,0.9964051,532.6101,-3.812956,13.30817,164.4603,119.6724,15.74522714,77.98576,23.1,39.7981,93.2348
158,999.997,702.8462,36.32489902,1819.827,1772.544379,190.600665,1293.225,1.012323,1.007168065,2.339303,2.325153,2.318396,2.5085995,1.1172467,1.1055525,24.2029,25.55978,143.713,27.06275,42.30139,581.6183,433.7341,573.8415,110.3028,88.6884,54.7,75783.49,201.8056,-4.696905177,0.860558794,1154.437,2349.389,0.6729341,440.8266,-3.936688,12.53793,148.7581,105.0843,17.59687636,80.64723,22.79937,43.32911,91.4772
159,1000.001,601.7695,31.24416124,1559.783,1519.256824,191.2727274,1025.218,1.012335,1.008764842,2.045945,2.033764,2.027622,2.1912395,1.1022113,1.08568624,23.92346,25.8979,123.8534,25.30424,42.97477,560.51135,427.6672,570.3786,109.9709,88.4789,53.8,68376.0,173.5785,-4.825946732,0.859611623,1168.297,2039.228,0.6679472,388.6867,-3.820029,11.68047,130.6752,89.08416,19.06865056,82.29503,22.65063,46.81456,81.23164
160,1000.0,538.3134,26.07642,1299.877,1266.103684,191.5554466,789.6366,1.012354,1.009576661,1.8174394,1.8061142,1.8006094,1.951219,1.1022255,1.07134051,24.0381,25.82843,105.5362,24.3244,41.72477,523.6607,409.1571,537.9595,109.3158,88.2103,54.2,61655.71,144.869,-4.278190486,0.861070533,1114.43,1770.307,0.4507739,391.0304,-3.027736,11.74735,111.813,77.62236,18.93514606,82.96954,23.47468,42.52215,64.0443
161,1000.0,462.7433,21.040236,1039.985,1012.96418,193.1845224,801.1747,1.012382,1.010500141,1.5463052,1.5363336,1.5311366,1.6419041,1.1023786,1.05628225,24.00162,25.52633,83.12702,23.46934,40.29219,487.79425,394.9832,405.9057,108.5808,86.837,57.0,51935.58,116.8902,-3.866085435,0.8617703,1026.529,1520.129,0.5657408,370.007,-1.805001,12.17133,94.12322,68.79378,18.49018204,78.78072,26.40892,44.8242,53.84522
162,1000.0,380.7975,16.040052,780.0205,759.7540604,196.3579785,549.9671,1.012395,1.011433514,1.2707871,1.2620515,1.2577675,1.35414905,1.1095959,1.04619163,24.25043,25.73462,59.54777,23.36962,40.29318,446.09245,376.9716,393.7176,108.1624,86.3563,55.6,35176.58,89.1114,-3.795291343,0.873315578,1040.91,1195.684,0.5230954,338.7699,-0.8775077,11.01765,83.24083,62.04405,19.42521993,80.35284,34.29679,42.14103,44.13333
163,1000.001,313.3689,11.05112905,519.9903,506.4799474,202.9363155,398.3453,1.012376,1.012029967,1.1337744,1.1259632,1.1222579,1.2461999,1.118381,1.03718608,24.1483,25.98413,46.52927,23.24765,43.2691,372.8864,327.8281,302.1528,107.4575,85.4607,53.8,23616.78,61.3951,-3.795291343,0.883427866,1055.582,866.2274,0.3351582,248.9228,1.018994,10.13324,73.04146,57.00047,25.83958092,84.2532,38.39557,38.28418,35.82532
164,1000.0,258.5511,6.413004,259.9672,253.2127499,235.5546876,47.90172,1.012324,1.012393834,1.0498889,1.04349969,1.03993433,1.2093347,1.1561196,1.02835805,24.17932,26.05774,38.67154,23.23276,47.34146,283.22285,265.8988,142.4137,106.4799,83.60636,55.2,15391.25,35.6278,-3.727297868,0.891561143,963.348,625.2946,0.3622149,176.0171,2.57987,8.743637,66.40957,52.14057,33.72898919,83.87335,49.44241,36.47469,25.29367
165,900.0,820.6619,40.6891188,2288.559,2229.097816,188.6350793,1811.98,1.01229,1.004850154,2.725992,2.710594,2.706525,2.8878885,1.1376683,1.1265361,24.28802,25.68432,167.6574,29.48384,38.87795,600.7627,438.665,585.4751,111.5107,88.9268,54.2,83883.67,251.1674,-4.644253794,0.862793059,972.369,2992.475,1.142395,1047.076,-3.935521,12.25865,175.4693,123.1084,9.652869173,63.98312,23.62739,30.03567,100.0
166,900.001,724.8901,36.55524342,2048.026,1994.814328,189.3738548,1545.772,1.012283,1.006636794,2.483214,2.469219,2.465324,2.685294,1.1203345,1.1100124,23.81474,25.88409,154.5222,27.7722,38.21391,588.4911,435.0494,596.2741,110.78,87.883,54.0,78889.19,225.6494,-4.556325399,0.853120227,1002.283,2712.158,0.9629645,878.637,-3.875693,11.82853,157.4856,107.0245,11.58397263,69.84326,22.22516,28.57547,100.0
167,900.001,639.6804,32.71420295,1821.078,1773.762875,190.5959206,1279.288,1.012294,1.008135368,2.230245,2.217858,2.214111,2.4331885,1.1033117,1.09438336,23.76275,25.69098,138.2644,26.16187,37.89406,578.5702,435.0608,604.7506,110.5419,88.2205,54.8,73040.62,201.9393,-4.552943229,0.854574188,1016.389,2464.835,0.6782259,733.2108,-3.842341,11.37754,145.3202,97.59306,13.36156579,74.35396,21.41465,29.27389,98.1146
168,900.001,553.7318,28.76157676,1593.064,1551.67312,191.5513745,1034.179,1.012239,1.00928081,1.977212,1.966127,1.962659,2.1238665,1.08923424,1.079359,23.45936,25.68554,120.0444,24.74529,38.39137,563.7591,430.7646,592.4504,110.2121,88.1867,55.2,66325.62,177.5404,-4.639216349,0.85180795,1003.095,2248.73,0.5581821,606.0063,-3.717697,10.91435,130.6325,85.96913,14.9834552,72.51135,21.7,35.53354,91.5158
169,900.0,485.437,24.7448358,1365.971,1330.480434,192.1982304,808.9733,1.01221,1.01011636,1.770626,1.760686,1.7574847,1.907282,1.07938339,1.06617229,23.78428,25.85734,103.931,23.71827,39.36746,537.7951,418.4915,576.014,109.9874,88.3659,55.8,59872.18,152.7459,-4.332896496,0.852424486,1046.357,1933.401,0.448178,529.9739,-3.308385,10.69773,116.8935,77.47954,16.56755451,76.30766,21.60064,36.84904,81.01911
170,900.001,424.9821,20.697953,1137.938,1108.372172,192.9810216,601.0787,1.012244,1.010825544,1.5708055,1.5618839,1.5587999,1.6823076,1.07468955,1.05569684,23.77767,26.10732,87.1584,23.40751,39.64552,503.4891,400.6645,555.0107,109.0737,86.3086,54.0,52542.17,127.765,-4.012210872,0.853647775,1032.192,1644.094,0.3594246,457.0352,-2.621749,10.75112,103.584,70.97233,17.69297967,75.62358,22.55192,39.82756,66.44807
171,899.999,361.9454,16.70163064,909.996,886.3525458,194.726995,375.1831,1.012261,1.011498275,1.3548065,1.3461832,1.3432706,1.4319905,1.07912692,1.04386887,23.76647,26.0774,68.14977,23.36579,40.59215,466.9748,383.2949,616.0679,108.6087,86.0848,54.8,39555.17,103.0966,-3.782045704,0.859013845,1012.27,1369.739,0.3707799,391.6755,-1.911178,10.89953,90.40414,64.41579,18.91733383,74.41324,26.14969,47.66855,51.04969
172,900.0,295.953,12.7441026,682.9917,665.2462561,197.9703363,534.2105,1.012216,1.012018433,1.1402194,1.1327094,1.1300695,1.20493985,1.08979149,1.03696147,23.59308,25.80712,48.54489,23.1879,41.62155,421.64425,360.981,379.8522,108.2368,85.5417,55.7,23798.83,78.6673,-3.784626879,0.858832803,1047.41,1076.572,0.4498274,340.7301,-0.8549081,10.92074,76.06671,56.32909,20.91762141,76.95134,42.54551,49.92308,41.27243
173,899.999,260.6259,8.793998229,454.9995,443.1777339,205.0606004,369.7393,1.012234,1.012267203,1.105853,1.0995643,1.0967939,1.20824285,1.0980194,1.0314383,23.636,25.80776,43.64344,23.2758,45.26248,341.09515,304.0116,317.956,107.2812,84.8887,56.9,20251.46,54.284,-3.767734937,0.885505827,1042.019,790.6294,0.2337682,234.2266,0.9353037,9.40796,71.12643,54.57047,29.6009226,83.49097,32.20443,39.60316,33.52531
174,900.0,234.1006,5.1890706,227.9991,222.0752429,241.4697511,121.6129,1.012296,1.01253761,1.0645088,1.05896984,1.05596948,1.19980375,1.1204475,1.02634126,23.81235,25.89863,39.5479,23.27913,47.68159,256.7619,243.2752,309.466,106.2467,84.314,55.3,15819.4,32.0313,-3.689100491,0.900593534,977.051,593.6774,0.270919,189.5567,1.66253,7.52813,67.83122,51.18399,34.93090875,83.49783,31.00446,36.40446,25.6
175,849.999,712.4677,35.68817191,2113.799,2058.878418,189.66666,1569.781,1.012286,1.006860231,2.439285,2.42471,2.422295,2.5599135,1.1165912,1.1070573,23.79585,25.55178,150.7322,27.36222,35.75143,595.3547,444.1353,627.4612,111.9662,88.8521,55.7,77875.6,233.2563,-4.605136819,0.859890839,876.025,2869.906,0.929773,1180.682,-3.919576,11.38801,158.2595,104.0317,7.824793269,59.25815,23.12293,27.41083,100.0
176,850.0,649.8197,32.3132022,1910.067,1860.439769,190.0471093,1277.566,1.012252,1.007936772,2.247745,2.234534,2.232144,2.39204,1.1047203,1.09579373,23.6587,25.30272,138.7297,26.25735,35.1389,582.4198,440.2627,629.1999,110.7766,87.5951,56.7,73469.34,211.1974,-4.570461413,0.859251586,878.321,2666.509,0.7302908,1074.377,-3.84626,10.93182,146.1459,94.43053,8.881392106,62.97292,22.25283,26.4327,100.0
177,850.0,573.3492,28.8100377,1697.987,1653.870017,190.6072155,1024.612,1.012277,1.009077343,2.032779,2.02101,2.018706,2.164134,1.09149782,1.08301366,23.46894,25.73778,124.0447,25.0137,35.56934,566.80015,434.0363,613.0142,110.4828,88.3439,54.1,67909.53,188.3009,-4.614986537,0.853221916,891.472,2464.064,0.4841379,970.055,-3.852716,10.47873,134.4954,85.57911,10.35071356,65.1287,22.10566,28.78679,97.344
178,850.002,502.8243,25.29221411,1486.042,1447.431758,191.1985591,808.5316,1.012349,1.01005414,1.844368,1.8340171,1.8317051,1.9769535,1.08009767,1.07086717,23.30374,25.94505,109.9469,24.00584,36.32111,545.07165,421.4773,606.3447,110.4408,89.4837,53.8,62268.23,165.3082,-4.438149416,0.843902631,928.816,2215.115,0.3872789,852.432,-3.633976,10.21692,123.049,78.61742,12.18143863,70.30568,21.56582,29.91203,91.8861
179,850.001,447.0867,21.75019959,1273.036,1239.960065,191.9340033,622.3793,1.012314,1.01070329,1.6816654,1.6719379,1.6693763,1.83009295,1.0710751,1.05982316,23.35521,25.61082,96.6136,23.24691,37.22653,513.63865,402.5554,600.7679,109.8113,87.5629,56.2,56664.32,142.158,-4.102774873,0.846890728,981.481,1870.437,0.2943098,721.2126,-3.072275,10.04074,111.7708,73.20041,14.37563641,77.51388,20.77468,28.84177,83.13101
180,849.999,391.3082,18.22385446,1060.984,1033.417586,192.9575544,457.7303,1.012328,1.011321861,1.4939977,1.4857748,1.4835276,1.60603435,1.06707777,1.05015592,23.31812,25.50762,80.56611,23.19728,38.16268,481.4702,386.1757,596.1128,108.937,86.5106,56.3,49169.43,119.1103,-3.870005612,0.85222424,994.089,1573.183,0.3008363,596.7677,-2.360259,10.3333,98.7749,67.2544,15.94459944,75.5257,22.03861,33.91519,66.06962
181,849.999,334.3889,14.71452819,848.99,826.9315996,194.703675,352.5227,1.012318,1.011856065,1.3038643,1.2965198,1.2942159,1.3770735,1.06630097,1.04031938,23.34433,25.77348,63.52028,23.15883,39.65047,443.353,364.9625,613.9182,108.7889,86.2427,54.3,36619.18,96.1735,-3.730134009,0.857428011,997.866,1301.184,0.3760839,491.6414,-1.566859,10.37157,86.9645,61.59856,17.77304122,73.17767,25.77962,44.00573,53.39554
182,850.0,281.9638,11.2155579,636.9924,620.4421068,197.7955435,527.7971,1.012306,1.01225986,1.1400926,1.1328138,1.1307914,1.1957286,1.07107649,1.03471544,23.32294,26.01528,48.24617,23.21303,41.44942,393.1705,337.1651,374.4559,108.0338,86.3564,54.1,23266.15,73.3043,-3.675631972,0.862117369,996.818,1041.386,0.4313568,392.4572,-0.6705866,10.66112,74.37761,55.34855,20.62180006,76.15519,37.24968,51.87673,44.0956
183,850.0,248.4821,7.7838903,424.0047,412.9882387,206.2319306,350.3177,1.012245,1.012416395,1.08947149,1.08347339,1.08115359,1.16633205,1.07717304,1.02975953,23.31023,25.9534,42.42498,23.26305,44.33612,322.0998,287.2542,341.2938,107.2268,86.547,55.8,18427.17,50.8751,-3.675347212,0.882193493,986.204,777.5711,0.223312,279.2369,0.9228089,9.101527,69.72134,53.01293,27.84482694,83.17294,35.33439,41.35032,36.16815
184,849.999,211.9597,4.599006289,211.9938,206.4857915,243.7088084,115.3904,1.012269,1.012701815,1.06645703,1.06145705,1.05880417,1.1611222,1.07452329,1.02496284,23.35021,25.88247,39.93619,23.26533,49.81075,244.0541,231.3134,338.78,106.2564,86.0896,57.0,15221.96,30.0589,-3.679803678,0.8978266,875.956,609.3285,0.3502451,173.4329,1.523288,8.063663,64.92602,49.90028,37.18052446,85.0045,25.86772,44.67405,30.03481
185,750.0009,538.6633,27.55059006,1815.922,1768.740838,193.1615702,393.6249,1.012281,1.009365109,1.998837,1.989164,1.98646,2.1491805,1.08522403,1.07697898,23.28255,25.89118,121.3292,24.60227,31.22381,580.5311,446.1294,540.6107,111.6153,88.3555,53.3,66813.25,204.0782,-4.613677328,0.848094741,724.0696,2726.045,0.2963051,1529.506,-3.961493,9.660006,140.2651,84.51774,3.781965693,60.13196,20.80316,13.0076,100.0
186,749.9986,492.6355,24.74094482,1632.962,1590.534492,192.8983649,373.7027,1.012291,1.010012587,1.8394916,1.830216,1.8277891,1.9584605,1.07813416,1.07025081,23.3315,25.77175,109.5955,23.92273,31.10732,562.07675,437.693,551.0787,110.5448,88.0364,55.5,62056.18,183.2666,-4.613817703,0.848097806,733.8944,2571.026,0.2456206,1579.938,-3.922975,9.373775,130.0645,77.84581,4.40128474,60.73116,21.41429,15.77764,100.0
187,750.0004,453.9293,21.96957422,1452.084,1414.356052,192.6270183,361.4937,1.012276,1.010367118,1.7304269,1.7219707,1.7193011,1.868992,1.07158889,1.06384185,23.20221,25.45928,100.3044,23.43783,31.35209,534.2916,418.8188,562.2941,110.3136,88.5417,56.6,58398.36,162.7375,-4.254775419,0.836779087,735.4968,2401.878,0.09691447,1482.14,-3.537364,9.417652,119.4878,72.9911,5.011280834,63.89793,20.78726,14.7242,100.0
188,749.9995,428.0232,19.21546869,1269.969,1236.972752,192.6396521,338.3577,1.012278,1.010773466,1.6265012,1.6180739,1.6150014,1.77928075,1.06472339,1.05719142,23.39008,25.68114,91.5743,23.29493,32.6285,503.4141,397.6339,595.9739,110.0428,90.9958,55.1,54580.82,142.3369,-3.83852903,0.853686102,747.2722,2150.441,0.1682802,1330.627,-3.001557,9.370897,110.004,69.32206,6.144450134,69.78174,20.0,14.36456,97.8715
189,750.0008,371.0286,16.58282369,1088.995,1060.700806,193.8740434,315.4416,1.012292,1.011392024,1.4720368,1.4650889,1.462744,1.594159,1.05623908,1.04749215,23.21682,26.01596,79.14953,23.28722,34.65392,477.39135,381.9502,607.3826,109.9457,89.1603,53.6,48084.19,122.8356,-3.568347917,0.850812698,817.6519,1815.703,0.0,1066.905,-2.518206,9.286001,100.6921,65.06942,9.273259118,77.31413,20.41266,20.92722,85.0196
190,749.9993,323.1748,13.89630653,906.973,883.4080892,195.0711148,310.5051,1.012286,1.01188022,1.3284954,1.3219635,1.3191527,1.4122838,1.05025053,1.04047325,23.21537,25.97029,66.1439,23.24356,36.09136,443.19555,361.7184,622.7667,108.8932,87.0232,55.2,37789.68,102.9357,-3.467813304,0.856618207,847.0,1522.013,0.09101162,832.9771,-2.175186,9.184105,92.41641,61.48933,12.56010555,74.6466,22.4707,29.12038,75.38981
191,750.0015,284.0968,11.19292639,725.9749,707.1126695,196.2947603,300.7376,1.01227,1.012176418,1.2056322,1.1992288,1.1972938,1.25666645,1.04502897,1.03533427,23.12766,25.78387,54.21787,23.25916,37.6794,400.58105,336.6886,609.2007,108.3416,87.4623,56.5,28583.96,82.9104,-3.572112822,0.858240227,821.4905,1289.543,0.3897177,655.2396,-1.83168,9.423391,82.84338,57.27222,15.03608988,71.73479,26.98679,41.43396,71.01887
192,749.9994,266.6855,8.514686188,543.9867,529.8528746,199.2820793,517.4256,1.012317,1.01235261,1.1389673,1.1325465,1.1303606,1.18455285,1.04203112,1.03208017,23.11412,25.77632,46.88817,23.25732,38.89958,346.2887,298.7512,358.5376,107.8592,88.5907,55.4,22888.06,63.0718,-3.641942053,0.871459799,688.5823,1170.266,0.5212397,494.9114,-0.5000346,9.648256,72.55128,53.42046,16.47518703,77.62329,30.72658,41.48291,67.19494
193,750.0004,237.7874,6.014415208,362.9897,353.5585263,210.9533404,340.1799,1.012298,1.012527591,1.103673,1.0984512,1.09599556,1.16243505,1.03670244,1.02806826,23.10496,25.96217,43.24261,23.19842,42.54765,286.29475,253.9972,388.2689,107.0168,88.931,53.7,19471.84,44.5512,-3.603856976,0.880427484,623.1772,938.8352,1.04273,306.7044,0.6026416,8.870625,67.88778,51.61098,23.08445928,84.0008,26.20696,37.86266,64.33481
194,749.9996,189.4796,3.593279584,181.0155,176.3123676,252.7336159,119.9715,1.012306,1.012867492,1.06499208,1.0610655,1.05854808,1.1236916,1.02998931,1.02297379,23.09562,26.20424,40.28806,23.22571,49.90449,224.53575,209.5689,421.712,106.0729,88.6048,54.0,14275.84,26.6169,-3.55076155,0.882367328,570.8165,694.7261,1.00658,165.6513,1.495269,8.268255,62.18975,48.24945,35.20597001,86.2447,21.31266,53.33101,62.89684
195,650.0002,378.8068,20.57322783,1510.646,1471.396498,200.0668053,243.1081,1.012329,1.011351791,1.5917738,1.5851541,1.5818884,1.69447635,1.05914044,1.05165462,22.94489,25.6929,89.0167,23.2589,31.00067,560.22215,437.5166,506.8227,111.9746,89.3298,55.4,52942.84,175.8395,-4.139739245,0.859112122,677.2089,2555.406,0.0,1554.778,-3.517706,8.431244,125.3927,72.76723,3.286932908,55.37251,20.06329,11.19494,100.0
196,650.0,349.8526,18.4210182,1357.051,1321.792193,199.4127408,243.9759,1.012347,1.01167175,1.4964215,1.4896647,1.4876648,1.58742635,1.0554877,1.04841487,22.97389,25.57097,81.57601,23.28922,31.90055,541.5641,429.8502,541.0966,110.833,89.041,56.1,48948.15,157.4446,-3.739731052,0.859122708,681.9304,2389.201,0.0,1451.918,-3.098984,8.704078,116.2654,69.84609,4.742085983,60.87341,20.52152,16.03038,100.0
197,649.9996,324.8998,16.31703226,1205.982,1174.648258,198.7632339,246.8622,1.012386,1.011967191,1.4141808,1.4068967,1.404887,1.4959836,1.05143361,1.04466614,23.05608,25.57691,73.94926,23.34784,33.06016,514.79005,413.0753,561.1348,110.1765,89.0742,55.8,45042.51,139.4619,-3.392707704,0.862618882,682.2911,2175.231,-2.91e-16,1309.924,-2.625712,8.963522,106.7558,66.18613,6.348791097,63.08081,20.84747,19.52342,99.9633
198,649.9995,300.8899,14.25661453,1054.936,1027.526725,198.5299663,248.2152,1.012369,1.012204558,1.3382185,1.3319815,1.3293209,1.41414755,1.04725287,1.04087819,22.94849,25.74522,66.86549,23.30246,34.31358,483.39935,391.7147,581.3752,110.1094,89.669,54.4,37899.88,121.8515,-3.065709232,0.864243263,682.5096,1945.17,0.2110926,1149.618,-2.081963,9.040333,98.49436,63.17774,8.137084958,66.55334,21.30637,22.37898,99.9904
199,649.9995,276.7364,12.2156798,903.855,880.3711009,198.5430322,252.4851,1.012374,1.012410163,1.2580188,1.2517777,1.2500254,1.32027445,1.04320155,1.03703091,22.95762,25.93432,59.21437,23.33651,35.68042,446.87505,367.4503,596.5262,109.5297,89.3759,54.1,32766.53,104.4076,-2.923642054,0.869107919,684.6188,1710.05,0.3785141,973.411,-1.787201,9.104736,90.88858,60.0297,10.25741339,68.00587,22.74375,26.97125,100.0
200,649.9993,254.6329,10.20946751,753.899,734.3112475,198.9417034,279.2892,1.012396,1.012607983,1.1842879,1.1782094,1.176445,1.23135825,1.03955355,1.03348805,22.93168,25.96303,51.89101,23.33469,36.96588,405.8261,340.5739,617.3725,108.8057,89.4393,55.1,26298.06,87.2605,-2.871743537,0.874364361,687.2264,1483.721,0.7134482,808.1157,-1.363121,9.04475,83.64742,56.95202,12.42516087,68.7077,25.68113,34.17924,100.0
201,649.9995,239.831,8.200687492,602.9821,587.3154601,199.7936205,559.9873,1.012433,1.012741777,1.1346321,1.1281491,1.1264777,1.17512685,1.03685904,1.03080399,22.98398,25.78784,46.52962,23.27424,38.2582,359.52665,307.5434,378.0419,108.3054,90.8826,56.2,21877.15,70.0914,-2.998860527,0.879485002,630.9937,1323.405,0.9487933,652.8382,-0.7115524,9.42943,74.74157,53.35943,14.00185279,73.23683,28.69044,37.11847,100.0
202,649.9996,231.1155,6.334142102,451.9153,440.1736674,205.9047972,480.3356,1.012404,1.012764933,1.1055353,1.0997427,1.0978412,1.15194205,1.03439518,1.02855534,22.97906,25.73643,43.22617,23.21839,39.48141,308.10745,269.2462,386.712,107.4273,87.1654,55.9,19306.96,54.138,-3.122750045,0.886583455,557.4557,1125.173,1.085027,474.4456,0.1231997,8.578925,71.22085,51.96089,15.31485482,79.01531,28.38987,32.22152,100.0
203,649.9995,193.0332,4.546160203,301.0095,293.1886917,221.8708811,293.2842,1.012432,1.013044194,1.08503231,1.08045183,1.07875342,1.15183235,1.02948636,1.02402439,23.22066,25.92549,41.62156,23.18961,44.56911,260.2343,231.1835,433.9846,106.4072,88.7574,54.5,16218.67,38.8561,-3.122750045,0.894850444,521.1282,861.7577,1.299233,240.316,0.9888921,8.142049,67.57618,50.8726,27.52178771,85.2676,19.47756,34.10769,100.0
204,650.0,156.1192,2.8086084,150.9994,147.0761439,273.2444876,119.3509,1.012436,1.013250952,1.06027209,1.05638085,1.05490421,1.13567545,1.02595597,1.020786675,23.14815,26.16782,39.95921,23.1916,50.58257,208.05555,194.736,441.8332,105.3406,88.8888,53.9,13139.68,24.0052,-3.122750045,0.859314058,511.95,659.0848,1.348631,163.9187,1.286325,6.679087,65.68982,48.3008,36.39632576,86.3067,15.1,38.54125,100.0
205,650.0005,146.1872,1.10446915,0.005317023,0.005178876,1000.0,-5.915316,1.01244,1.013295832,1.0337451,1.0308003,1.02963066,1.07661618,1.02436199,1.019394646,23.34353,26.2273,37.54831,23.19566,51.77647,145.49845,152.1488,87.71779,103.8556,87.8884,54.7,10205.19,9.4399,-3.122750045,0.897710935,508.434,366.1949,1.361353,105.8478,1.600667,4.601372,65.14643,45.15968,41.37531,85.1365,20.0,58.07799,99.9969
206,550.0015,263.9119,14.40338098,1204.67,1173.370346,207.5779776,190.226,1.01249,1.012568162,1.3151353,1.3104914,1.3074073,1.3997733,1.04088315,1.03446373,23.21522,25.9529,64.08937,23.28802,33.69496,504.83895,392.8348,524.0573,112.0293,90.6006,54.4,36624.62,145.4883,-3.354489128,0.871648431,625.975,2297.254,0.376319,1488.9,-2.719833,7.792839,110.2583,64.49025,4.196885862,56.27554,18.85625,12.39,100.0
207,550.0003,249.4314,12.79773698,1080.457,1052.38464,205.641879,195.7612,1.012473,1.012671935,1.2613475,1.2563332,1.2545444,1.33095995,1.03978689,1.03362115,23.00575,25.81568,59.82212,23.27668,34.49095,480.8727,385.4048,540.2482,110.8411,88.9183,55.5,32928.44,129.27,-3.113560375,0.877112844,622.8269,2101.867,0.4848242,1488.731,-2.325744,7.936061,102.911,62.20479,5.982515718,54.76595,20.11539,17.425,100.0
208,550.0003,236.5341,11.32091358,960.391,935.4381864,204.6535414,220.1224,1.012527,1.012829584,1.2161929,1.2113104,1.2098189,1.27992,1.03809441,1.03204474,22.94586,25.7169,55.23064,23.2595,35.41301,451.40275,366.8165,560.3656,109.3016,87.2392,56.2,28856.94,114.3526,-2.965123053,0.883365259,622.8438,1908.903,0.6919838,1372.975,-2.05737,8.107062,96.09765,59.76076,7.927103334,55.95621,20.805,21.28563,100.0
209,549.9996,221.6221,9.879014715,840.3,818.4673826,204.1106625,236.8631,1.012518,1.012923888,1.1809575,1.1757372,1.17463,1.2472588,1.03563901,1.0297146,23.09332,25.77616,51.65097,23.26494,37.27017,421.32355,344.0689,575.3064,109.2536,89.9383,54.7,25365.44,99.7881,-2.947445586,0.887808808,623.5949,1713.769,1.063686,1099.304,-1.920585,8.056519,90.66427,57.70064,11.05984585,63.40705,20.29367,23.88924,100.0
210,549.9999,205.3707,8.478437658,720.3278,701.6122921,204.3486823,264.2449,1.012559,1.01307825,1.145197,1.1403465,1.1393398,1.21072495,1.03323048,1.02748376,23.16853,25.94728,48.30316,23.26242,39.80088,388.2355,318.942,594.8114,109.2051,90.8907,53.8,21968.2,85.6408,-2.92974692,0.89403518,623.5,1531.403,1.435105,825.1487,-1.672019,8.113082,84.93445,55.64649,14.93283416,71.55003,19.83544,26.63354,100.0
211,550.0026,200.0921,7.287295749,618.185,602.1233594,204.6595369,272.5808,1.012547,1.013108624,1.1244824,1.1198402,1.1190212,1.19085245,1.03178572,1.02617341,23.16712,26.0946,45.88631,23.26098,40.49937,352.21275,292.324,597.3273,108.2254,87.1555,54.4,20019.57,73.6087,-3.034814201,0.900210987,561.3522,1402.154,1.441015,680.7333,-1.130136,8.058147,79.89068,53.86952,16.00667245,76.70731,19.65723,25.44465,100.0
212,550.002,201.633,7.731908316,656.1589,639.1106241,204.5795411,550.9879,1.012605,1.013149472,1.1307859,1.1261089,1.1252,1.2006482,1.03137771,1.02574091,23.34407,26.00206,45.78374,23.26584,40.52235,353.6036,283.9169,394.6675,108.1587,88.8956,56.2,20678.75,78.0998,-2.982289441,0.898030765,594.7197,1459.655,1.493756,736.0586,-1.377837,8.032326,81.81229,54.39882,15.61399379,77.21159,19.14459,24.61274,100.0
213,550.0029,203.638,8.390630841,712.2887,693.7820635,204.5136865,410.4608,1.012539,1.013079078,1.1409503,1.136317,1.1353342,1.21290935,1.03117367,1.02548497,23.25307,25.92281,46.41385,23.27567,40.64505,365.18315,285.9765,410.2668,109.2534,91.3083,56.6,21671.68,84.7534,-2.930884814,0.89410957,620.6115,1523.068,1.498183,793.1943,-1.590967,8.050175,84.48476,55.34834,15.13213836,76.44742,18.79809,24.68344,100.0
214,550.0021,210.6953,9.000411465,763.537,743.6988336,204.6523455,259.2501,1.012557,1.013043199,1.1558335,1.1510263,1.1499514,1.22930205,1.03178063,1.02600912,23.23464,25.91784,47.6409,23.27444,39.66129,377.15335,293.3457,337.3316,110.6073,89.5013,54.2,23093.81,90.9129,-2.930321596,0.893061895,620.3248,1602.814,1.327182,912.682,-1.76673,8.018579,87.19949,56.35532,13.47737939,72.23769,18.85478,23.25159,100.0
215,550.0024,217.7885,9.605952517,815.4788,794.2910853,204.508787,122.1948,1.012637,1.013075926,1.1706764,1.1657417,1.1644829,1.2452806,1.03261551,1.02678892,23.31323,26.0134,49.02855,23.26624,38.47532,389.92735,303.2273,249.8902,110.6554,87.9607,53.4,24556.35,97.0294,-2.948005366,0.890658322,620.1456,1681.89,1.36376,1033.313,-1.826646,7.969241,89.61851,57.19375,11.77805215,68.03104,19.05063,21.94304,100.0
216,550.0023,223.5403,10.30071588,873.587,850.889522,204.7130539,341.388,1.012629,1.01303405,1.1869147,1.1825077,1.1811113,1.26066865,1.033575,1.02765871,23.27404,25.96808,50.5443,23.27324,37.86494,407.3758,315.734,368.1181,111.2209,91.9451,54.8,26122.12,104.0472,-2.950245631,0.886558161,619.1709,1775.265,1.436626,1156.703,-1.934297,7.940796,92.6707,58.44194,10.48572265,66.71616,19.20127,21.38734,100.0
217,550.0026,229.6592,10.89232849,921.951,897.9969318,205.1147751,341.388,1.012725,1.013060871,1.202615,1.1980561,1.1964936,1.274549,1.03475963,1.02876129,23.31465,25.76528,52.10381,23.27718,36.99055,421.84355,328.0415,368.1181,111.5521,89.5104,57.1,27664.37,110.023,-2.965704032,0.88310586,620.2152,1853.91,1.436626,1266.595,-1.990578,7.99774,94.774,59.25446,9.119166263,63.17178,19.5538,20.4519,100.0
