sample_index,healthy_sensor,faulty_sensor,healthy_ground_truth,healthy_prediction,faulty_prediction,residual,prediction_error,fault_type,severity
0,2.825178253205575,2.7054650999999996,1435.291,1399.3196000887742,1384.6463706801133,-14.673229408660973,50.64462931988669,saturation,0.05
1,2.8185650923193717,2.7054650999999996,1435.291,1398.522836373968,1384.6463706801133,-13.876465693854698,50.64462931988669,saturation,0.05
2,2.829353701053296,2.7054650999999996,1435.291,1399.8370801235446,1384.6463706801133,-15.190709443431388,50.64462931988669,saturation,0.05
3,2.904022455178603,2.7054650999999996,1435.291,1408.983840241339,1384.6463706801133,-24.337469561225817,50.64462931988669,saturation,0.05
4,2.786573017392615,2.7054650999999996,1435.291,1394.7867659424442,1384.6463706801133,-10.140395262330912,50.64462931988669,saturation,0.05
5,2.7842850369662124,2.7054650999999996,1435.291,1394.5195730192418,1384.6463706801133,-9.873202339128511,50.64462931988669,saturation,0.05
6,2.882653648630899,2.7054650999999996,1435.291,1406.4427568632914,1384.6463706801133,-21.79638618317813,50.64462931988669,saturation,0.05
7,2.8833779265641075,2.7054650999999996,1435.291,1406.5325195387527,1384.6463706801133,-21.886148858639444,50.64462931988669,saturation,0.05
8,2.80212142577368,2.7054650999999996,1435.291,1396.6025265313633,1384.6463706801133,-11.95615585125006,50.64462931988669,saturation,0.05
9,2.8223295394294943,2.7054650999999996,1435.291,1398.966547540243,1384.6463706801133,-14.320176860129777,50.64462931988669,saturation,0.05
10,2.8847883608486065,2.7054650999999996,1435.291,1406.7073203288,1384.6463706801133,-22.0609496486868,50.64462931988669,saturation,0.05
11,2.861626809127232,2.7054650999999996,1435.291,1403.83681612728,1384.6463706801133,-19.190445447166667,50.64462931988669,saturation,0.05
12,2.810676420968629,2.7054650999999996,1435.291,1397.6015884760122,1384.6463706801133,-12.955217795898989,50.64462931988669,saturation,0.05
13,2.906681410805255,2.7054650999999996,1435.291,1409.296888290767,1384.6463706801133,-24.65051761065365,50.64462931988669,saturation,0.05
14,2.804408741918715,2.7054650999999996,1435.291,1396.8696418790419,1384.6463706801133,-12.223271198928614,50.64462931988669,saturation,0.05
15,2.8831920309405943,2.7054650999999996,1435.291,1406.5094807469327,1384.6463706801133,-21.863110066819445,50.64462931988669,saturation,0.05
16,2.8892834406024743,2.7054650999999996,1435.291,1407.2485650388137,1384.6463706801133,-22.602194358700444,50.64462931988669,saturation,0.05
17,2.854071116737717,2.7054650999999996,1435.291,1402.900408799722,1384.6463706801133,-18.254038119608822,50.64462931988669,saturation,0.05
18,2.8555169308843684,2.7054650999999996,1435.291,1403.0795943582937,1384.6463706801133,-18.43322367818041,50.64462931988669,saturation,0.05
19,2.763359081491612,2.7054650999999996,1435.291,1391.9490941369984,1384.6463706801133,-7.302723456885133,50.64462931988669,saturation,0.05
20,2.8189847800584396,2.7054650999999996,1435.291,1398.5718479793732,1384.6463706801133,-13.92547729925991,50.64462931988669,saturation,0.05
21,2.853483975484244,2.7054650999999996,1435.291,1402.8276420241946,1384.6463706801133,-18.181271344081324,50.64462931988669,saturation,0.05
22,2.8599729462727828,2.7054650999999996,1435.291,1403.6318462561094,1384.6463706801133,-18.985475575996134,50.64462931988669,saturation,0.05
23,2.7739186248422936,2.7054650999999996,1435.291,1393.2699849044757,1384.6463706801133,-8.623614224362427,50.64462931988669,saturation,0.05
24,2.816625755460381,2.7054650999999996,1435.291,1398.296358438035,1384.6463706801133,-13.649987757921735,50.64462931988669,saturation,0.05
25,2.7917011187930005,2.7054650999999996,1435.291,1395.3856313819538,1384.6463706801133,-10.739260701840522,50.64462931988669,saturation,0.05
26,2.810279746028704,2.7054650999999996,1435.291,1397.5552643311303,1384.6463706801133,-12.908893651017024,50.64462931988669,saturation,0.05
27,2.8811070728234665,2.7054650999999996,1435.291,1406.2510835070925,1384.6463706801133,-21.604712826979267,50.64462931988669,saturation,0.05
28,2.821885461586013,2.7054650999999996,1435.291,1398.911511188152,1384.6463706801133,-14.265140508038712,50.64462931988669,saturation,0.05
29,2.885677865774745,2.7054650999999996,1435.291,1406.8175602496167,1384.6463706801133,-22.17118956950344,50.64462931988669,saturation,0.05
30,2.846640222436965,2.7054650999999996,1435.291,1401.9794682009247,1384.6463706801133,-17.333097520811407,50.64462931988669,saturation,0.05
31,2.8578263841820846,2.7054650999999996,1435.291,1403.365814188211,1384.6463706801133,-18.71944350809781,50.64462931988669,saturation,0.05
32,2.8675163106290666,2.7054650999999996,1435.291,1404.5667257209568,1384.6463706801133,-19.92035504084356,50.64462931988669,saturation,0.05
33,2.7838780878514586,2.7054650999999996,1435.291,1394.4720490446875,1384.6463706801133,-9.825678364574287,50.64462931988669,saturation,0.05
34,2.7782564837443777,2.7054650999999996,1435.291,1393.8070035430694,1384.6463706801133,-9.160632862956163,50.64462931988669,saturation,0.05
35,2.8124770161032235,2.7054650999999996,1435.291,1397.8118639975876,1384.6463706801133,-13.16549331747433,50.64462931988669,saturation,0.05
36,2.829953124758118,2.7054650999999996,1435.291,1399.9113691126367,1384.6463706801133,-15.264998432523498,50.64462931988669,saturation,0.05
37,2.958799453206482,2.7054650999999996,1435.291,1415.250355356407,1384.6463706801133,-30.60398467629375,50.64462931988669,saturation,0.05
38,2.775264571501423,2.7054650999999996,1435.291,1393.4366105275815,1384.6463706801133,-8.790239847468229,50.64462931988669,saturation,0.05
39,2.917729770156863,2.7054650999999996,1435.291,1410.5915344350383,1384.6463706801133,-25.945163754925034,50.64462931988669,saturation,0.05
40,2.8568342031468337,2.7054650999999996,1435.291,1403.2428492044905,1384.6463706801133,-18.59647852437729,50.64462931988669,saturation,0.05
41,2.8942949523887522,2.7054650999999996,1435.291,1407.838587667869,1384.6463706801133,-23.192216987755728,50.64462931988669,saturation,0.05
42,2.8883231267275464,2.7054650999999996,1435.291,1407.1355039623627,1384.6463706801133,-22.48913328224944,50.64462931988669,saturation,0.05
43,2.9384774733656087,2.7054650999999996,1435.291,1412.944186013421,1384.6463706801133,-28.297815333307653,50.64462931988669,saturation,0.05
44,2.802931995261638,2.7054650999999996,1435.291,1396.6971857462968,1384.6463706801133,-12.050815066183532,50.64462931988669,saturation,0.05
45,2.8338380571801394,2.7054650999999996,1435.291,1400.392844402988,1384.6463706801133,-15.746473722874725,50.64462931988669,saturation,0.05
46,2.853435477874459,2.7054650999999996,1435.291,1402.8216315204802,1384.6463706801133,-18.175260840366946,50.64462931988669,saturation,0.05
47,2.910767112249257,2.7054650999999996,1435.291,1409.777912063698,1384.6463706801133,-25.131541383584818,50.64462931988669,saturation,0.05
48,2.7916336071321486,2.7054650999999996,1435.291,1395.3777472943957,1384.6463706801133,-10.731376614282453,50.64462931988669,saturation,0.05
49,2.8142228366316138,2.7054650999999996,1435.291,1398.015742879148,1384.6463706801133,-13.369372199034842,50.64462931988669,saturation,0.05
50,2.795196224152307,2.7054650999999996,1435.291,1395.7937937102138,1384.6463706801133,-11.147423030100526,50.64462931988669,saturation,0.05
51,2.783316295540258,2.7054650999999996,1435.291,1394.4064423077898,1384.6463706801133,-9.760071627676552,50.64462931988669,saturation,0.05
52,2.7997555717569376,2.7054650999999996,1435.291,1396.3262394428425,1384.6463706801133,-11.679868762729257,50.64462931988669,saturation,0.05
53,2.876180763578969,2.7054650999999996,1435.291,1405.6405462013704,1384.6463706801133,-20.994175521257148,50.64462931988669,saturation,0.05
54,2.8398821205475278,2.7054650999999996,1435.291,1401.1419094699165,1384.6463706801133,-16.495538789803277,50.64462931988669,saturation,0.05
55,2.8020004202820696,2.7054650999999996,1435.291,1396.588395374185,1384.6463706801133,-11.942024694071733,50.64462931988669,saturation,0.05
56,2.893009667556808,2.7054650999999996,1435.291,1407.6872666358195,1384.6463706801133,-23.04089595570622,50.64462931988669,saturation,0.05
57,2.8208604973728297,2.7054650999999996,1435.291,1398.7908963534546,1384.6463706801133,-14.144525673341377,50.64462931988669,saturation,0.05
58,2.8965230398251376,2.7054650999999996,1435.291,1408.1009081138832,1384.6463706801133,-23.45453743376993,50.64462931988669,saturation,0.05
59,2.807243138646748,2.7054650999999996,1435.291,1397.2006459114796,1384.6463706801133,-12.554275231366319,50.64462931988669,saturation,0.05
60,2.8022062134488595,2.7054650999999996,1435.291,1396.6124281312727,1384.6463706801133,-11.966057451159486,50.64462931988669,saturation,0.05
61,2.811774601511119,2.7054650999999996,1435.291,1397.7298352328316,1384.6463706801133,-13.083464552718397,50.64462931988669,saturation,0.05
62,2.8924510572437785,2.7054650999999996,1435.291,1407.6214995101361,1384.6463706801133,-22.975128830022868,50.64462931988669,saturation,0.05
63,2.8068477609719564,2.7054650999999996,1435.291,1397.1544732626767,1384.6463706801133,-12.508102582563424,50.64462931988669,saturation,0.05
64,2.7408774674299616,2.7054650999999996,1435.291,1389.113272413795,1384.6463706801133,-4.466901733681652,50.64462931988669,saturation,0.05
65,2.8459601844455813,2.7054650999999996,1435.291,1401.895188359274,1384.6463706801133,-17.248817679160766,50.64462931988669,saturation,0.05
66,2.8876144802888106,2.7054650999999996,1435.291,1407.0520725642768,1384.6463706801133,-22.40570188416359,50.64462931988669,saturation,0.05
67,2.885245930395501,2.7054650999999996,1435.291,1406.7640287619247,1384.6463706801133,-22.11765808181144,50.64462931988669,saturation,0.05
68,2.900568983974208,2.7054650999999996,1435.291,1408.5772511228693,1384.6463706801133,-23.930880442756006,50.64462931988669,saturation,0.05
69,2.868214622134413,2.7054650999999996,1435.291,1404.6532702726422,1384.6463706801133,-20.006899592528953,50.64462931988669,saturation,0.05
70,2.8203862928822208,2.7054650999999996,1435.291,1398.7355182205913,1384.6463706801133,-14.089147540478052,50.64462931988669,saturation,0.05
71,2.849902219557815,2.7054650999999996,1435.291,1402.3837406155446,1384.6463706801133,-17.73736993543139,50.64462931988669,saturation,0.05
72,2.7810694538990672,2.7054650999999996,1435.291,1394.144053618116,1384.6463706801133,-9.497682938002754,50.64462931988669,saturation,0.05
73,2.905194139094986,2.7054650999999996,1435.291,1409.1217866443903,1384.6463706801133,-24.47541596427709,50.64462931988669,saturation,0.05
74,2.8643343168293542,2.7054650999999996,1435.291,1404.1723684394947,1384.6463706801133,-19.525997759381426,50.64462931988669,saturation,0.05
75,2.9767310648135212,2.7054650999999996,1435.291,1417.288260559203,1384.6463706801133,-32.64188987908983,50.64462931988669,saturation,0.05
76,2.8016444975384824,2.7054650999999996,1435.291,1396.546830316549,1384.6463706801133,-11.900459636435698,50.64462931988669,saturation,0.05
77,2.925265477188498,2.7054650999999996,1435.291,1411.446033502421,1384.6463706801133,-26.79966282230771,50.64462931988669,saturation,0.05
78,2.8242872143919646,2.7054650999999996,1435.291,1399.209170067118,1384.6463706801133,-14.562799387004816,50.64462931988669,saturation,0.05
79,2.874016868952244,2.7054650999999996,1435.291,1405.3723660426149,1384.6463706801133,-20.725995362501635,50.64462931988669,saturation,0.05
80,2.824294615512009,2.7054650999999996,1435.291,1399.2100873176732,1384.6463706801133,-14.563716637559992,50.64462931988669,saturation,0.05
81,2.790190808158995,2.7054650999999996,1435.291,1395.2092556102966,1384.6463706801133,-10.562884930183372,50.64462931988669,saturation,0.05
82,2.8170992548194764,2.7054650999999996,1435.291,1398.3516542248478,1384.6463706801133,-13.705283544734584,50.64462931988669,saturation,0.05
83,2.920735207778438,2.7054650999999996,1435.291,1410.9323310761406,1384.6463706801133,-26.28596039602735,50.64462931988669,saturation,0.05
84,2.810262167625598,2.7054650999999996,1435.291,1397.5532115054782,1384.6463706801133,-12.906840825364952,50.64462931988669,saturation,0.05
85,2.8092102351330803,2.7054650999999996,1435.291,1397.4303656478633,1384.6463706801133,-12.783994967750004,50.64462931988669,saturation,0.05
86,2.8459112789163177,2.7054650999999996,1435.291,1401.8891273004588,1384.6463706801133,-17.242756620345517,50.64462931988669,saturation,0.05
87,2.882120846901663,2.7054650999999996,1435.291,1406.3767246034174,1384.6463706801133,-21.730353923304165,50.64462931988669,saturation,0.05
88,2.8181522673147175,2.7054650999999996,1435.291,1398.4746262063932,1384.6463706801133,-13.828255526279918,50.64462931988669,saturation,0.05
89,2.8508198746543245,2.7054650999999996,1435.291,1402.4974693001236,1384.6463706801133,-17.85109862001036,50.64462931988669,saturation,0.05
90,2.868892119030133,2.7054650999999996,1435.291,1404.7372351860934,1384.6463706801133,-20.090864505980107,50.64462931988669,saturation,0.05
91,2.6828373840372186,2.7054650999999996,1435.291,1381.6070340636377,1384.6463706801133,3.039336616475566,50.64462931988669,saturation,0.05
92,2.8765652654747482,2.7054650999999996,1435.291,1405.6881990668003,1384.6463706801133,-21.04182838668703,50.64462931988669,saturation,0.05
93,2.9612807871670492,2.7054650999999996,1435.291,1415.5323558535697,1384.6463706801133,-30.885985173456447,50.64462931988669,saturation,0.05
94,2.8552156343759303,2.7054650999999996,1435.291,1403.042253470957,1384.6463706801133,-18.395882790843643,50.64462931988669,saturation,0.05
95,2.931128461634673,2.7054650999999996,1435.291,1412.1108569516746,1384.6463706801133,-27.464486271561327,50.64462931988669,saturation,0.05
96,2.985544275842726,2.7054650999999996,1435.291,1418.2898709555998,1384.6463706801133,-33.64350027548653,50.64462931988669,saturation,0.05
97,2.839709472145188,2.7054650999999996,1435.291,1401.120512459463,1384.6463706801133,-16.474141779349793,50.64462931988669,saturation,0.05
98,2.930835333419671,2.7054650999999996,1435.291,1412.077618161301,1384.6463706801133,-27.43124748118771,50.64462931988669,saturation,0.05
99,2.8770539263288155,2.7054650999999996,1435.291,1405.7487607705925,1384.6463706801133,-21.102390090479275,50.64462931988669,saturation,0.05
100,2.887741957454396,2.7054650999999996,1435.291,1407.0670808922207,1384.6463706801133,-22.42071021210745,50.64462931988669,saturation,0.05
101,2.9052504858702646,2.7054650999999996,1435.291,1409.128420545278,1384.6463706801133,-24.482049865164754,50.64462931988669,saturation,0.05
102,2.858248784397234,2.7054650999999996,1435.291,1403.4181639446906,1384.6463706801133,-18.771793264577354,50.64462931988669,saturation,0.05
103,2.7680977672620544,2.7054650999999996,1435.291,1392.5468300473472,1384.6463706801133,-7.900459367233907,50.64462931988669,saturation,0.05
104,2.8178377075903893,2.7054650999999996,1435.291,1398.4378915685902,1384.6463706801133,-13.791520888476953,50.64462931988669,saturation,0.05
105,2.8835983416386095,2.7054650999999996,1435.291,1406.559836464883,1384.6463706801133,-21.91346578476964,50.64462931988669,saturation,0.05
106,2.816978102426379,2.7054650999999996,1435.291,1398.3375059123487,1384.6463706801133,-13.69113523223541,50.64462931988669,saturation,0.05
107,2.804011959472599,2.7054650999999996,1435.291,1396.8233051794664,1384.6463706801133,-12.176934499353138,50.64462931988669,saturation,0.05
108,2.835770003205729,2.7054650999999996,1435.291,1400.632278239299,1384.6463706801133,-15.985907559185762,50.64462931988669,saturation,0.05
109,2.909581794123923,2.7054650999999996,1435.291,1409.6383604580346,1384.6463706801133,-24.99198977792139,50.64462931988669,saturation,0.05
110,2.84225997618698,2.7054650999999996,1435.291,1401.4366066769849,1384.6463706801133,-16.790235996871615,50.64462931988669,saturation,0.05
111,2.846295566225358,2.7054650999999996,1435.291,1401.9367535712918,1384.6463706801133,-17.290382891178524,50.64462931988669,saturation,0.05
112,2.8441448674220027,2.7054650999999996,1435.291,1401.6702088239667,1384.6463706801133,-17.02383814385348,50.64462931988669,saturation,0.05
113,2.879612940081185,2.7054650999999996,1435.291,1406.0659096307506,1384.6463706801133,-21.41953895063739,50.64462931988669,saturation,0.05
114,2.884597683423614,2.7054650999999996,1435.291,1406.6836889091023,1384.6463706801133,-22.03731822898908,50.64462931988669,saturation,0.05
115,2.894420472992776,2.7054650999999996,1435.291,1407.8533656430482,1384.6463706801133,-23.206994962934914,50.64462931988669,saturation,0.05
116,2.878712983423381,2.7054650999999996,1435.291,1405.9543743848185,1384.6463706801133,-21.308003704705243,50.64462931988669,saturation,0.05
117,2.718275232921437,2.7054650999999996,1435.291,1386.2622356761103,1384.6463706801133,-1.6158649959970717,50.64462931988669,saturation,0.05
118,2.903792946208497,2.7054650999999996,1435.291,1408.956819355884,1384.6463706801133,-24.310448675770658,50.64462931988669,saturation,0.05
119,2.8241321010280043,2.7054650999999996,1435.291,1399.189946244452,1384.6463706801133,-14.543575564338653,50.64462931988669,saturation,0.05
120,2.834924491046891,2.7054650999999996,1435.291,1400.5274905189608,1384.6463706801133,-15.881119838847553,50.64462931988669,saturation,0.05
121,2.9193303691779176,2.7054650999999996,1435.291,1410.7730317205624,1384.6463706801133,-26.126661040449108,50.64462931988669,saturation,0.05
122,2.886283624124376,2.7054650999999996,1435.291,1406.8926343167016,1384.6463706801133,-22.24626363658831,50.64462931988669,saturation,0.05
123,2.8297415106086783,2.7054650999999996,1435.291,1399.8851429205242,1384.6463706801133,-15.23877224041098,50.64462931988669,saturation,0.05
124,2.9349050405714205,2.7054650999999996,1435.291,1412.539095890078,1384.6463706801133,-27.892725209964738,50.64462931988669,saturation,0.05
125,2.889265185541655,2.7054650999999996,1435.291,1407.246415807317,1384.6463706801133,-22.600045127203657,50.64462931988669,saturation,0.05
126,2.8229871764139216,2.7054650999999996,1435.291,1399.0480511350615,1384.6463706801133,-14.401680454948291,50.64462931988669,saturation,0.05
127,2.8095720018850923,2.7054650999999996,1435.291,1397.472613175365,1384.6463706801133,-12.82624249525179,50.64462931988669,saturation,0.05
128,2.851118345344122,2.7054650999999996,1435.291,1402.534459972398,1384.6463706801133,-17.888089292284803,50.64462931988669,saturation,0.05
129,2.8277624375180532,2.7054650999999996,1435.291,1399.6398684376184,1384.6463706801133,-14.99349775750511,50.64462931988669,saturation,0.05
130,2.694778156411213,2.7054650999999996,1435.291,1383.2983239295277,1384.6463706801133,1.3480467505855813,50.64462931988669,saturation,0.05
131,2.825863007551391,2.7054650999999996,1435.291,1399.404464447187,1384.6463706801133,-14.75809376707366,50.64462931988669,saturation,0.05
132,2.72994155420844,2.7054650999999996,1435.291,1387.733820734231,1384.6463706801133,-3.087450054117653,50.64462931988669,saturation,0.05
133,2.809282894704108,2.7054650999999996,1435.291,1397.4388509141518,1384.6463706801133,-12.792480234038521,50.64462931988669,saturation,0.05
134,2.8696783042978176,2.7054650999999996,1435.291,1404.8346702863496,1384.6463706801133,-20.188299606236342,50.64462931988669,saturation,0.05
135,2.7235496548028366,2.7054650999999996,1435.291,1386.9275491232497,1384.6463706801133,-2.2811784431364686,50.64462931988669,saturation,0.05
136,2.820543374263437,2.7054650999999996,1435.291,1398.7538623606652,1384.6463706801133,-14.107491680551902,50.64462931988669,saturation,0.05
137,2.7142981889893307,2.7054650999999996,1435.291,1385.760572959818,1384.6463706801133,-1.1142022797048412,50.64462931988669,saturation,0.05
138,2.8477421043914863,2.7054650999999996,1435.291,1402.1160288605074,1384.6463706801133,-17.469658180394163,50.64462931988669,saturation,0.05
139,2.890810530905394,2.7054650999999996,1435.291,1407.428354665928,1384.6463706801133,-22.781983985814804,50.64462931988669,saturation,0.05
140,2.8739309826025132,2.7054650999999996,1435.291,1405.3617218020768,1384.6463706801133,-20.715351121963522,50.64462931988669,saturation,0.05
141,2.853043029675807,2.7054650999999996,1435.291,1402.7729938377956,1384.6463706801133,-18.12662315768239,50.64462931988669,saturation,0.05
142,2.9518971970145524,2.7054650999999996,1435.291,1414.465922584115,1384.6463706801133,-29.819551904001855,50.64462931988669,saturation,0.05
143,2.878258999583769,2.7054650999999996,1435.291,1405.89811034281,1384.6463706801133,-21.251739662696764,50.64462931988669,saturation,0.05
144,2.8323159636649256,2.7054650999999996,1435.291,1400.2042052356692,1384.6463706801133,-15.557834555555928,50.64462931988669,saturation,0.05
145,2.752673125403427,2.7054650999999996,1435.291,1390.6011719493397,1384.6463706801133,-5.9548012692264365,50.64462931988669,saturation,0.05
146,2.8543520714336466,2.7054650999999996,1435.291,1402.9352286444719,1384.6463706801133,-18.288857964358613,50.64462931988669,saturation,0.05
147,2.7965671044822424,2.7054650999999996,1435.291,1395.9538866544053,1384.6463706801133,-11.307515974292073,50.64462931988669,saturation,0.05
148,2.8601036512268534,2.7054650999999996,1435.291,1403.6480450464292,1384.6463706801133,-19.00167436631591,50.64462931988669,saturation,0.05
149,2.8349720264275944,2.7054650999999996,1435.291,1400.533381769757,1384.6463706801133,-15.887011089643693,50.64462931988669,saturation,0.05
150,2.8581248818812615,2.7054650999999996,1435.291,1403.4028082078664,1384.6463706801133,-18.756437527753178,50.64462931988669,saturation,0.05
151,2.88725044025955,2.7054650999999996,1435.291,1407.0092128715723,1384.6463706801133,-22.362842191459094,50.64462931988669,saturation,0.05
152,2.8528661666842194,2.7054650999999996,1435.291,1402.751074496356,1384.6463706801133,-18.104703816242818,50.64462931988669,saturation,0.05
153,2.8506025345523374,2.7054650999999996,1435.291,1402.4705334676967,1384.6463706801133,-17.82416278758342,50.64462931988669,saturation,0.05
154,2.920502891198019,2.7054650999999996,1435.291,1410.9059879207512,1384.6463706801133,-26.25961724063791,50.64462931988669,saturation,0.05
155,2.935199535136829,2.7054650999999996,1435.291,1412.572489615502,1384.6463706801133,-27.926118935388786,50.64462931988669,saturation,0.05
156,2.876369985025649,2.7054650999999996,1435.291,1405.6639971758234,1384.6463706801133,-21.017626495710147,50.64462931988669,saturation,0.05
157,2.729138369914436,2.7054650999999996,1435.291,1387.6325073915843,1384.6463706801133,-2.98613671147109,50.64462931988669,saturation,0.05
158,2.870504512255343,2.7054650999999996,1435.291,1404.937065559427,1384.6463706801133,-20.290694879313833,50.64462931988669,saturation,0.05
159,2.7787059693619685,2.7054650999999996,1435.291,1393.8626490031625,1384.6463706801133,-9.21627832304921,50.64462931988669,saturation,0.05
160,2.7826807310165487,2.7054650999999996,1435.291,1394.3322203690816,1384.6463706801133,-9.685849688968347,50.64462931988669,saturation,0.05
161,2.8009060638749577,2.7054650999999996,1435.291,1396.460595204189,1384.6463706801133,-11.814224524075826,50.64462931988669,saturation,0.05
162,2.725120319388131,2.7054650999999996,1435.291,1387.125672120052,1384.6463706801133,-2.4793014399388085,50.64462931988669,saturation,0.05
163,2.947692421128289,2.7054650999999996,1435.291,1413.9890998132987,1384.6463706801133,-29.342729133185458,50.64462931988669,saturation,0.05
164,2.7935747759427616,2.7054650999999996,1435.291,1395.6044391676965,1384.6463706801133,-10.958068487583205,50.64462931988669,saturation,0.05
165,2.8445293911423404,2.7054650999999996,1435.291,1401.7178643942018,1384.6463706801133,-17.071493714088547,50.64462931988669,saturation,0.05
166,2.841279605963911,2.7054650999999996,1435.291,1401.315105454691,1384.6463706801133,-16.668734774577842,50.64462931988669,saturation,0.05
167,2.871737459969766,2.7054650999999996,1435.291,1405.0898697254465,1384.6463706801133,-20.443499045333283,50.64462931988669,saturation,0.05
168,2.890803296589541,2.7054650999999996,1435.291,1407.4275029448822,1384.6463706801133,-22.781132264768985,50.64462931988669,saturation,0.05
169,2.8469398169028577,2.7054650999999996,1435.291,1402.0165981472876,1384.6463706801133,-17.370227467174345,50.64462931988669,saturation,0.05
170,2.9146900797296693,2.7054650999999996,1435.291,1410.2397766038212,1384.6463706801133,-25.593405923707905,50.64462931988669,saturation,0.05
171,2.8437571798863983,2.7054650999999996,1435.291,1401.6221611493884,1384.6463706801133,-16.975790469275125,50.64462931988669,saturation,0.05
172,2.922264919335277,2.7054650999999996,1435.291,1411.105790194601,1384.6463706801133,-26.459419514487763,50.64462931988669,saturation,0.05
173,2.839253529573449,2.7054650999999996,1435.291,1401.064005663909,1384.6463706801133,-16.41763498379578,50.64462931988669,saturation,0.05
174,2.842038758323156,2.7054650999999996,1435.291,1401.409190257947,1384.6463706801133,-16.762819577833852,50.64462931988669,saturation,0.05
175,2.7983016482755567,2.7054650999999996,1435.291,1396.1564486261818,1384.6463706801133,-11.510077946068577,50.64462931988669,saturation,0.05
176,2.806750454174286,2.7054650999999996,1435.291,1397.1431096655858,1384.6463706801133,-12.496738985472575,50.64462931988669,saturation,0.05
177,2.7836443445019015,2.7054650999999996,1435.291,1394.4447522338726,1384.6463706801133,-9.798381553759327,50.64462931988669,saturation,0.05
178,2.803607325521447,2.7054650999999996,1435.291,1396.7760515723166,1384.6463706801133,-12.129680892203396,50.64462931988669,saturation,0.05
179,2.903303924962936,2.7054650999999996,1435.291,1408.899245191984,1384.6463706801133,-24.252874511870687,50.64462931988669,saturation,0.05
180,2.837153188817771,2.7054650999999996,1435.291,1400.8037019918443,1384.6463706801133,-16.157331311731014,50.64462931988669,saturation,0.05
181,2.907244867416326,2.7054650999999996,1435.291,1409.3632259878932,1384.6463706801133,-24.71685530777995,50.64462931988669,saturation,0.05
182,2.8915288195853517,2.7054650999999996,1435.291,1407.5129212784482,1384.6463706801133,-22.866550598334925,50.64462931988669,saturation,0.05
183,2.7415371583996104,2.7054650999999996,1435.291,1389.196485566427,1384.6463706801133,-4.55011488631385,50.64462931988669,saturation,0.05
184,2.8270488515671124,2.7054650999999996,1435.291,1399.5514308624956,1384.6463706801133,-14.905060182382385,50.64462931988669,saturation,0.05
185,2.896696927811381,2.7054650999999996,1435.291,1408.1213805483858,1384.6463706801133,-23.475009868272537,50.64462931988669,saturation,0.05
186,2.8147493472342533,2.7054650999999996,1435.291,1398.0772293785049,1384.6463706801133,-13.430858698391603,50.64462931988669,saturation,0.05
187,2.8370519471424864,2.7054650999999996,1435.291,1400.7911547040903,1384.6463706801133,-16.14478402397708,50.64462931988669,saturation,0.05
188,2.852407333615574,2.7054650999999996,1435.291,1402.6942094699025,1384.6463706801133,-18.04783878978924,50.64462931988669,saturation,0.05
189,2.755687688362673,2.7054650999999996,1435.291,1390.9814277042133,1384.6463706801133,-6.335057024100024,50.64462931988669,saturation,0.05
190,2.7826342558948647,2.7054650999999996,1435.291,1394.3267929521876,1384.6463706801133,-9.680422272074338,50.64462931988669,saturation,0.05
191,2.8506475745649396,2.7054650999999996,1435.291,1402.4761154574944,1384.6463706801133,-17.829744777381165,50.64462931988669,saturation,0.05
192,2.9046635458786287,2.7054650999999996,1435.291,1409.0593180684746,1384.6463706801133,-24.412947388361317,50.64462931988669,saturation,0.05
193,2.933032077281773,2.7054650999999996,1435.291,1412.3267143076296,1384.6463706801133,-27.680343627516322,50.64462931988669,saturation,0.05
194,2.831918874108016,2.7054650999999996,1435.291,1400.1549923307998,1384.6463706801133,-15.508621650686564,50.64462931988669,saturation,0.05
195,2.918182308365752,2.7054650999999996,1435.291,1410.6428492586942,1384.6463706801133,-25.99647857858099,50.64462931988669,saturation,0.05
196,2.8381396056243613,2.7054650999999996,1435.291,1400.9259525915375,1384.6463706801133,-16.279581911424202,50.64462931988669,saturation,0.05
197,2.793617027839207,2.7054650999999996,1435.291,1395.609373391605,1384.6463706801133,-10.963002711491754,50.64462931988669,saturation,0.05
198,2.8836623292311674,2.7054650999999996,1435.291,1406.5677667044233,1384.6463706801133,-21.92139602431007,50.64462931988669,saturation,0.05
199,2.8738212884152796,2.7054650999999996,1435.291,1405.3481269605427,1384.6463706801133,-20.701756280429436,50.64462931988669,saturation,0.05
200,2.8556291217161327,2.7054650999999996,1435.291,1403.0934986190196,1384.6463706801133,-18.447127938906306,50.64462931988669,saturation,0.05
201,2.845608331218623,2.7054650999999996,1435.291,1401.8515817746006,1384.6463706801133,-17.205211094487368,50.64462931988669,saturation,0.05
202,2.831646586447206,2.7054650999999996,1435.291,1400.1212466265492,1384.6463706801133,-15.474875946435986,50.64462931988669,saturation,0.05
203,2.801870104387978,2.7054650999999996,1435.291,1396.5731769377508,1384.6463706801133,-11.926806257637509,50.64462931988669,saturation,0.05
204,2.913198808381292,2.7054650999999996,1435.291,1410.064204066206,1384.6463706801133,-25.417833386092752,50.64462931988669,saturation,0.05
205,2.8520417078173077,2.7054650999999996,1435.291,1402.648895995109,1384.6463706801133,-18.002525314995637,50.64462931988669,saturation,0.05
206,2.7633923330648718,2.7054650999999996,1435.291,1391.9532884770274,1384.6463706801133,-7.306917796914149,50.64462931988669,saturation,0.05
207,2.917908047111465,2.7054650999999996,1435.291,1410.6117498562064,1384.6463706801133,-25.965379176093165,50.64462931988669,saturation,0.05
208,2.758086478897855,2.7054650999999996,1435.291,1391.2840101740676,1384.6463706801133,-6.637639493954339,50.64462931988669,saturation,0.05
209,2.790184055671943,2.7054650999999996,1435.291,1395.2084670472768,1384.6463706801133,-10.562096367163576,50.64462931988669,saturation,0.05
210,2.829279246942505,2.7054650999999996,1435.291,1399.8278527263296,1384.6463706801133,-15.181482046216388,50.64462931988669,saturation,0.05
211,2.849176055295002,2.7054650999999996,1435.291,1402.2937441596735,1384.6463706801133,-17.6473734795602,50.64462931988669,saturation,0.05
212,2.8093280682496413,2.7054650999999996,1435.291,1397.4441263315216,1384.6463706801133,-12.797755651408352,50.64462931988669,saturation,0.05
213,2.943016322180924,2.7054650999999996,1435.291,1413.458861287207,1384.6463706801133,-28.81249060709365,50.64462931988669,saturation,0.05
214,2.8356107559200576,2.7054650999999996,1435.291,1400.6125420830992,1384.6463706801133,-15.966171402985992,50.64462931988669,saturation,0.05
215,2.828193127551626,2.7054650999999996,1435.291,1399.6932455846159,1384.6463706801133,-15.046874904502602,50.64462931988669,saturation,0.05
216,2.7925918064456443,2.7054650999999996,1435.291,1395.489646886118,1384.6463706801133,-10.843276206004703,50.64462931988669,saturation,0.05
217,2.8485895834094497,2.7054650999999996,1435.291,1402.2210603416029,1384.6463706801133,-17.57468966148963,50.64462931988669,saturation,0.05
218,2.8634510933220794,2.7054650999999996,1435.291,1404.0629070001655,1384.6463706801133,-19.416536320052273,50.64462931988669,saturation,0.05
219,2.8109001054808695,2.7054650999999996,1435.291,1397.6277106045109,1384.6463706801133,-12.981339924397616,50.64462931988669,saturation,0.05
220,2.7800705196834223,2.7054650999999996,1435.291,1394.0273969587824,1384.6463706801133,-9.381026278669196,50.64462931988669,saturation,0.05
221,2.9313341312018824,2.7054650999999996,1435.291,1412.1341785129605,1384.6463706801133,-27.48780783284724,50.64462931988669,saturation,0.05
222,2.833055506304553,2.7054650999999996,1435.291,1400.2958597275524,1384.6463706801133,-15.649489047439147,50.64462931988669,saturation,0.05
223,2.8359107211578705,2.7054650999999996,1435.291,1400.6497179807166,1384.6463706801133,-16.00334730060331,50.64462931988669,saturation,0.05
224,2.7906098036216394,2.7054650999999996,1435.291,1395.2581863708838,1384.6463706801133,-10.611815690770527,50.64462931988669,saturation,0.05
225,2.9163734793953195,2.7054650999999996,1435.291,1410.4377400815724,1384.6463706801133,-25.79136940145918,50.64462931988669,saturation,0.05
226,2.7987188780603067,2.7054650999999996,1435.291,1396.205173188922,1384.6463706801133,-11.55880250880864,50.64462931988669,saturation,0.05
227,2.848910307071914,2.7054650999999996,1435.291,1402.2608089142248,1384.6463706801133,-17.614438234111503,50.64462931988669,saturation,0.05
228,2.8810467898109327,2.7054650999999996,1435.291,1406.2436123910447,1384.6463706801133,-21.597241710931485,50.64462931988669,saturation,0.05
229,2.8275769958863166,2.7054650999999996,1435.291,1399.6168859108238,1384.6463706801133,-14.970515230710589,50.64462931988669,saturation,0.05
230,2.908266641029856,2.7054650999999996,1435.291,1409.4835229321016,1384.6463706801133,-24.8371522519883,50.64462931988669,saturation,0.05
231,2.9582969546236346,2.7054650999999996,1435.291,1415.1932470217616,1384.6463706801133,-30.546876341648385,50.64462931988669,saturation,0.05
232,2.7595635862534933,2.7054650999999996,1435.291,1391.4703318996849,1384.6463706801133,-6.823961219571629,50.64462931988669,saturation,0.05
233,2.749581067361166,2.7054650999999996,1435.291,1390.2111409959748,1384.6463706801133,-5.564770315861551,50.64462931988669,saturation,0.05
234,2.839552385866291,2.7054650999999996,1435.291,1401.101044125519,1384.6463706801133,-16.45467344540566,50.64462931988669,saturation,0.05
235,2.8342368894018217,2.7054650999999996,1435.291,1400.442273283307,1384.6463706801133,-15.795902603193781,50.64462931988669,saturation,0.05
236,2.7968808221658925,2.7054650999999996,1435.291,1395.9905229577525,1384.6463706801133,-11.344152277639296,50.64462931988669,saturation,0.05
237,2.816752642389149,2.7054650999999996,1435.291,1398.3111764360483,1384.6463706801133,-13.664805755935049,50.64462931988669,saturation,0.05
238,2.9176748072626375,2.7054650999999996,1435.291,1410.5853020083186,1384.6463706801133,-25.9389313282054,50.64462931988669,saturation,0.05
239,2.892465062053501,2.7054650999999996,1435.291,1407.62314834486,1384.6463706801133,-22.976777664746805,50.64462931988669,saturation,0.05
240,2.806422490987467,2.7054650999999996,1435.291,1397.104809756383,1384.6463706801133,-12.45843907626977,50.64462931988669,saturation,0.05
241,2.8275377289497143,2.7054650999999996,1435.291,1399.6120194015393,1384.6463706801133,-14.965648721426078,50.64462931988669,saturation,0.05
242,2.8351663237212046,2.7054650999999996,1435.291,1400.5574618143223,1384.6463706801133,-15.911091134209073,50.64462931988669,saturation,0.05
243,2.895050123477375,2.7054650999999996,1435.291,1407.927496574023,1384.6463706801133,-23.281125893909802,50.64462931988669,saturation,0.05
244,2.721347252729155,2.7054650999999996,1435.291,1386.6497390146587,1384.6463706801133,-2.0033683345454847,50.64462931988669,saturation,0.05
245,2.9125545227195215,2.7054650999999996,1435.291,1409.9883500851656,1384.6463706801133,-25.34197940505237,50.64462931988669,saturation,0.05
246,2.7530258718536147,2.7054650999999996,1435.291,1390.6456672441832,1384.6463706801133,-5.999296564069937,50.64462931988669,saturation,0.05
247,2.918084905797931,2.7054650999999996,1435.291,1410.6318044551986,1384.6463706801133,-25.985433775085312,50.64462931988669,saturation,0.05
248,2.8220877378478835,2.7054650999999996,1435.291,1398.9365800983246,1384.6463706801133,-14.290209418211361,50.64462931988669,saturation,0.05
249,2.8104579964217384,2.7054650999999996,1435.291,1397.5760806121734,1384.6463706801133,-12.929709932060177,50.64462931988669,saturation,0.05
250,2.8070667827487337,2.7054650999999996,1435.291,1397.1800508716924,1384.6463706801133,-12.533680191579151,50.64462931988669,saturation,0.05
251,2.8457475420365337,2.7054650999999996,1435.291,1401.8688347308153,1384.6463706801133,-17.222464050702,50.64462931988669,saturation,0.05
252,2.934969591897365,2.7054650999999996,1435.291,1412.5464155811949,1384.6463706801133,-27.90004490108163,50.64462931988669,saturation,0.05
253,2.795873604293478,2.7054650999999996,1435.291,1395.8728989236806,1384.6463706801133,-11.226528243567373,50.64462931988669,saturation,0.05
254,2.831573061969329,2.7054650999999996,1435.291,1400.1121344424778,1384.6463706801133,-15.465763762364531,50.64462931988669,saturation,0.05
255,2.8763312319595973,2.7054650999999996,1435.291,1405.6591943525816,1384.6463706801133,-21.012823672468357,50.64462931988669,saturation,0.05
256,2.9582475219272135,2.7054650999999996,1435.291,1415.1876290577193,1384.6463706801133,-30.541258377606027,50.64462931988669,saturation,0.05
257,2.853856083725402,2.7054650999999996,1435.291,1402.8737588941917,1384.6463706801133,-18.227388214078474,50.64462931988669,saturation,0.05
258,2.739940016092359,2.7054650999999996,1435.291,1388.995022680465,1384.6463706801133,-4.348652000351649,50.64462931988669,saturation,0.05
259,2.8006883876011015,2.7054650999999996,1435.291,1396.4351747245153,1384.6463706801133,-11.788804044402013,50.64462931988669,saturation,0.05
260,2.7879927503768336,2.7054650999999996,1435.291,1394.9525639544563,1384.6463706801133,-10.306193274343059,50.64462931988669,saturation,0.05
261,2.8786850235900046,2.7054650999999996,1435.291,1405.9509092102849,1384.6463706801133,-21.304538530171612,50.64462931988669,saturation,0.05
262,2.8000205832203164,2.7054650999999996,1435.291,1396.3571877790982,1384.6463706801133,-11.71081709898499,50.64462931988669,saturation,0.05
263,2.8858610770074113,2.7054650999999996,1435.291,1406.8402663540892,1384.6463706801133,-22.19389567397593,50.64462931988669,saturation,0.05
264,2.773917303933472,2.7054650999999996,1435.291,1393.2698213784888,1384.6463706801133,-8.623450698375564,50.64462931988669,saturation,0.05
265,2.8170207843919313,2.7054650999999996,1435.291,1398.3424903602104,1384.6463706801133,-13.696119680097127,50.64462931988669,saturation,0.05
266,2.9180184074265774,2.7054650999999996,1435.291,1410.6242639820798,1384.6463706801133,-25.97789330196656,50.64462931988669,saturation,0.05
267,2.8488219587668246,2.7054650999999996,1435.291,1402.2498595536636,1384.6463706801133,-17.603488873550305,50.64462931988669,saturation,0.05
268,2.8142889478713116,2.7054650999999996,1435.291,1398.0234634239516,1384.6463706801133,-13.377092743838375,50.64462931988669,saturation,0.05
269,2.9422349816522795,2.7054650999999996,1435.291,1413.3702624669197,1384.6463706801133,-28.723891786806462,50.64462931988669,saturation,0.05
270,2.9249964463883287,2.7054650999999996,1435.291,1411.4155271986492,1384.6463706801133,-26.769156518535965,50.64462931988669,saturation,0.05
271,2.830382775039968,2.7054650999999996,1435.291,1399.9646173990238,1384.6463706801133,-15.318246718910586,50.64462931988669,saturation,0.05
272,2.9063940082328945,2.7054650999999996,1435.291,1409.26305139113,1384.6463706801133,-24.61668071101667,50.64462931988669,saturation,0.05
273,2.81431887205355,2.7054650999999996,1435.291,1398.0269580035533,1384.6463706801133,-13.380587323440068,50.64462931988669,saturation,0.05
274,2.893125772870903,2.7054650999999996,1435.291,1407.7009361163257,1384.6463706801133,-23.054565436212442,50.64462931988669,saturation,0.05
275,2.9258151351046116,2.7054650999999996,1435.291,1411.5083610550616,1384.6463706801133,-26.86199037494839,50.64462931988669,saturation,0.05
276,2.73521555231799,2.7054650999999996,1435.291,1388.3990807269602,1384.6463706801133,-3.7527100468469143,50.64462931988669,saturation,0.05
277,2.802464323091712,2.7054650999999996,1435.291,1396.6425704651779,1384.6463706801133,-11.996199785064618,50.64462931988669,saturation,0.05
278,2.819723547923592,2.7054650999999996,1435.291,1398.6581221201745,1384.6463706801133,-14.011751440061289,50.64462931988669,saturation,0.05
279,2.786831592301486,2.7054650999999996,1435.291,1394.8169626106373,1384.6463706801133,-10.170591930524097,50.64462931988669,saturation,0.05
280,2.8417466868084564,2.7054650999999996,1435.291,1401.3729926611636,1384.6463706801133,-16.726621981050357,50.64462931988669,saturation,0.05
281,2.817472707104164,2.7054650999999996,1435.291,1398.3952664019762,1384.6463706801133,-13.748895721862937,50.64462931988669,saturation,0.05
282,2.87488132731289,2.7054650999999996,1435.291,1405.4795018418965,1384.6463706801133,-20.833131161783285,50.64462931988669,saturation,0.05
283,2.982743497253723,2.7054650999999996,1435.291,1417.9715659764663,1384.6463706801133,-33.32519529635306,50.64462931988669,saturation,0.05
284,2.8045958487613745,2.7054650999999996,1435.291,1396.8914924262162,1384.6463706801133,-12.245121746102996,50.64462931988669,saturation,0.05
285,2.9331347826705403,2.7054650999999996,1435.291,1412.3383604157584,1384.6463706801133,-27.691989735645166,50.64462931988669,saturation,0.05
286,2.8889287383851032,2.7054650999999996,1435.291,1407.2068047190241,1384.6463706801133,-22.5604340389109,50.64462931988669,saturation,0.05
287,2.908926490975568,2.7054650999999996,1435.291,1409.5612093501634,1384.6463706801133,-24.91483867005013,50.64462931988669,saturation,0.05
288,2.8784689252324616,2.7054650999999996,1435.291,1405.9241272722381,1384.6463706801133,-21.277756592124888,50.64462931988669,saturation,0.05
289,2.8847627944398537,2.7054650999999996,1435.291,1406.7041517810003,1384.6463706801133,-22.05778110088704,50.64462931988669,saturation,0.05
290,2.7796980175875863,2.7054650999999996,1435.291,1393.983895745775,1384.6463706801133,-9.337525065661794,50.64462931988669,saturation,0.05
291,2.8039028796315293,2.7054650999999996,1435.291,1396.810566713148,1384.6463706801133,-12.164196033034841,50.64462931988669,saturation,0.05
292,2.8550416920449333,2.7054650999999996,1435.291,1403.0206960987239,1384.6463706801133,-18.374325418610624,50.64462931988669,saturation,0.05
293,2.8658323786221493,2.7054650999999996,1435.291,1404.3580292588595,1384.6463706801133,-19.71165857874621,50.64462931988669,saturation,0.05
294,2.898113543279522,2.7054650999999996,1435.291,1408.2881635908125,1384.6463706801133,-23.641792910699223,50.64462931988669,saturation,0.05
295,2.7465972157039644,2.7054650999999996,1435.291,1389.8347591523445,1384.6463706801133,-5.188388472231281,50.64462931988669,saturation,0.05
296,2.8276924820173033,2.7054650999999996,1435.291,1399.6311985712277,1384.6463706801133,-14.984827891114492,50.64462931988669,saturation,0.05
297,2.767006624242094,2.7054650999999996,1435.291,1392.4091937072408,1384.6463706801133,-7.762823027127524,50.64462931988669,saturation,0.05
298,2.8473531476102196,2.7054650999999996,1435.291,1402.067823883213,1384.6463706801133,-17.421453203099645,50.64462931988669,saturation,0.05
299,2.721161438683214,2.7054650999999996,1435.291,1386.6263005059059,1384.6463706801133,-1.9799298257926239,50.64462931988669,saturation,0.05
